seller_id,y_pred_proba,주요_위험사유
c60b801f2d52c7f7f91de00870882a75,0.9930358469394371,처리지연율 높음(84%) | 부정리뷰율 높음(48%) | 지연 불만 리뷰 다수(20%)
dd7ddc04e1b6c2c614352b383efe2d36,0.9930320010220155,처리지연율 높음(71%) | 부정리뷰율 높음(31%) | 지연 불만 리뷰 다수(16%)
2eb70248d66e0e3ef83659f71b244378,0.9927844942983614,처리지연율 높음(79%) | 부정리뷰율 높음(56%) | 지연 불만 리뷰 다수(21%)
6973a06f484aacf400ece213dbf3d946,0.9923689321854355,처리지연율 높음(68%) | 부정리뷰율 높음(35%) | 지연 불만 리뷰 다수(19%)
b1fc4f64df5a0e8b6913ab38803c57a9,0.989022661465296,처리지연율 높음(67%) | 부정리뷰율 높음(33%) | 지연 불만 리뷰 다수(23%)
1da366cade6d8276e7d8beea7af5d4bf,0.9888587647796279,처리지연율 높음(73%) | 출고지연율 높음(59%) | 지연 불만 리뷰 다수(14%)
88460e8ebdecbfecb5f9601833981930,0.9884971705196773,처리지연율 높음(64%) | 부정리뷰율 높음(42%) | 지연 불만 리뷰 다수(23%)
dc8798cbf453b7e0f98745e396cc5616,0.9883049288654994,처리지연율 높음(64%) | 부정리뷰율 높음(40%) | 지연 불만 리뷰 다수(24%)
bbad7e518d7af88a0897397ffdca1979,0.988028724172377,처리지연율 높음(67%) | 부정리뷰율 높음(39%) | 지연 불만 리뷰 다수(17%)
a49928bcdf77c55c6d6e05e09a9b4ca5,0.9855752855800385,처리지연율 높음(74%) | 부정리뷰율 높음(62%) | 지연 불만 리뷰 다수(15%)
8e6cc767478edae941d9bd9eb778d77a,0.9847739453720631,처리지연율 높음(74%) | 지연 불만 리뷰 다수(19%)
8e6d7754bc7e0f22c96d255ebda59eba,0.9840858609036894,처리지연율 높음(65%) | 출고지연율 높음(52%) | 부정리뷰율 높음(57%) | 지연 불만 리뷰 다수(14%)
cac4c8e7b1ca6252d8f20b2fc1a2e4af,0.983990033961314,처리지연율 높음(68%) | 부정리뷰율 높음(34%) | 지연 불만 리뷰 다수(21%)
062ce95fa2ad4dfaedfc79260130565f,0.9805893618351584,처리지연율 높음(73%) | 지연 불만 리뷰 다수(13%)
ca3bd7cd9f149df75950150d010fe4a2,0.9798668903093677,처리지연율 높음(83%) | 지연 불만 리뷰 다수(13%)
850913d59ce317156b00f3705f1c3edb,0.9797449700249948,처리지연율 높음(90%) | 부정리뷰율 높음(35%) | 지연 불만 리뷰 다수(15%)
db2956745b3a8e9f3785c99f34b5d25e,0.9794678178462847,처리지연율 높음(93%) | 출고지연율 높음(53%) | 부정리뷰율 높음(30%) | 지연 불만 리뷰 다수(17%)
04308b1ee57b6625f47df1d56f00eedf,0.9791943792940759,처리지연율 높음(76%) | 부정리뷰율 높음(35%) | 지연 불만 리뷰 다수(33%)
4ebdc7e6cd6102a022dadc49156d4ea8,0.9790409881458297,처리지연율 높음(68%) | 부정리뷰율 높음(36%) | 지연 불만 리뷰 다수(9%)
972d0f9cf61b499a4812cf0bfa3ad3c4,0.9790391366397103,처리지연율 높음(87%) | 부정리뷰율 높음(62%) | 지연 불만 리뷰 다수(15%)
1ca7077d890b907f89be8c954a02686a,0.975806815354879,처리지연율 높음(69%) | 출고지연율 높음(55%) | 부정리뷰율 높음(90%) | 지연 불만 리뷰 다수(14%)
c31eff8334d6b3047ed34bebd4d62c36,0.9756021354230947,처리지연율 높음(63%) | 부정리뷰율 높음(31%) | 지연 불만 리뷰 다수(8%)
e62b2d6ac10570a035a30bafcf01d263,0.9724369725804358,처리지연율 높음(72%) | 지연 불만 리뷰 다수(16%)
5058e8c1e82653974541e83690655b4a,0.9714955461704212,처리지연율 높음(79%) | 부정리뷰율 높음(56%) | 지연 불만 리뷰 다수(35%)
23613d49c3ac2bd302259e55c06c050c,0.9689509105796746,처리지연율 높음(60%) | 지연 불만 리뷰 다수(28%)
6fd52c528dcb38be2eea044946b811f8,0.9686667774432579,처리지연율 높음(100%) | 부정리뷰율 높음(52%) | 지연 불만 리뷰 다수(12%)
2a1348e9addc1af5aaa619b1a3679d6b,0.9681193870177308,처리지연율 높음(58%) | 부정리뷰율 높음(42%) | 지연 불만 리뷰 다수(25%)
f4aba7c0bca51484c30ab7bdc34bcdd1,0.968082141591745,처리지연율 높음(50%) | 지연 불만 리뷰 다수(15%)
e7d5b006eb624f13074497221eb37807,0.9654502898018601,처리지연율 높음(52%) | 부정리뷰율 높음(50%) | 지연 불만 리뷰 다수(17%)
99002261c568a84cce14d43fcffb43ea,0.964752654237456,처리지연율 높음(95%) | 부정리뷰율 높음(37%) | 지연 불만 리뷰 다수(11%)
cee48807215b30a12ca2ca10ffb5f250,0.9646142637306607,처리지연율 높음(95%) | 부정리뷰율 높음(35%) | 지연 불만 리뷰 다수(15%)
7c67e1448b00f6e969d365cea6b010ab,0.9629845729928477,처리지연율 높음(61%) | 부정리뷰율 높음(36%) | 지연 불만 리뷰 다수(30%)
4c2b230173bb36f9b240f2b8ac11786e,0.961024688375533,처리지연율 높음(87%) | 지연 불만 리뷰 다수(23%)
5b179e9e8cc7ab6fd113a46ca584da81,0.9598409759522133,처리지연율 높음(55%) | 부정리뷰율 높음(36%) | 지연 불만 리뷰 다수(18%)
070d165398b553f3b4b851c216b8a358,0.9576811783363536,처리지연율 높음(57%) | 부정리뷰율 높음(35%)
25c5c91f63607446a97b143d2d535d31,0.9560481651025045,처리지연율 높음(60%) | 지연 불만 리뷰 다수(26%)
54965bbe3e4f07ae045b90b0b8541f52,0.9482082663227306,처리지연율 높음(75%) | 부정리뷰율 높음(38%) | 지연 불만 리뷰 다수(6%)
ec4608a1f76453166bb312b2968aeaf4,0.9474350914361516,처리지연율 높음(86%) | 출고지연율 높음(55%) | 부정리뷰율 높음(59%) | 지연 불만 리뷰 다수(27%)
b335c59ab742f751a85db9c411a86739,0.9439250581063318,처리지연율 높음(68%) | 부정리뷰율 높음(36%) | 지연 불만 리뷰 다수(18%)
b1b3948701c5c72445495bd161b83a4c,0.9406439607670812,처리지연율 높음(86%) | 출고지연율 높음(86%) | 부정리뷰율 높음(86%) | 지연 불만 리뷰 다수(43%)
538caafddff204241cecbf3a02e6b3cf,0.937833676247772,처리지연율 높음(100%) | 출고지연율 높음(71%) | 부정리뷰율 높음(71%) | 지연 불만 리뷰 다수(14%)
dd2bdf855a9172734fbc3744021ae9b9,0.9368582675093521,처리지연율 높음(59%) | 부정리뷰율 높음(31%) | 지연 불만 리뷰 다수(17%)
973f21788dfab357250f69a8dcb7ddee,0.9359620858181459,처리지연율 높음(85%) | 출고지연율 높음(85%) | 부정리뷰율 높음(69%)
8444e55c1f13cd5c179851e5ca5ebd00,0.9329459230970005,처리지연율 높음(73%) | 부정리뷰율 높음(45%) | 지연 불만 리뷰 다수(12%)
6039e27294dc75811c0d8a39069f52c0,0.9317984029943286,처리지연율 높음(84%) | 지연 불만 리뷰 다수(25%)
855668e0971d4dfd7bef1b6a4133b41b,0.9288090848038724,처리지연율 높음(56%) | 지연 불만 리뷰 다수(13%)
3db66a856d18a9cba7c9241fc5221c50,0.9253410746737118,처리지연율 높음(59%) | 지연 불만 리뷰 다수(18%)
d71d863e5ef30d94e440c11be17dcd8f,0.9215176246321722,처리지연율 높음(94%) | 출고지연율 높음(78%) | 부정리뷰율 높음(44%) | 지연 불만 리뷰 다수(22%)
a7f13822ceb966b076af67121f87b063,0.9187851236875361,출고지연율 높음(57%) | 부정리뷰율 높음(40%) | 지연 불만 리뷰 다수(30%)
d20b021d3efdf267a402c402a48ea64b,0.9168891071617151,처리지연율 높음(50%)
a673821011d0cec28146ea42f5ab767f,0.916781914370992,부정리뷰율 높음(33%) | 지연 불만 리뷰 다수(16%)
70a12e78e608ac31179aea7f8422044b,0.9160908030618378,지연 불만 리뷰 다수(14%)
b17b679f4f5ce2e03ce6968c62648246,0.9125101918333949,처리지연율 높음(60%) | 지연 불만 리뷰 다수(36%)
87e24fc7052259b1f7f607d61c10d8be,0.9082851557517772,처리지연율 높음(80%) | 출고지연율 높음(80%) | 부정리뷰율 높음(40%) | 지연 불만 리뷰 다수(20%)
054694fa03fe82cec4b7551487331d74,0.9074804062146501,처리지연율 높음(92%) | 출고지연율 높음(67%) | 부정리뷰율 높음(58%) | 지연 불만 리뷰 다수(8%)
8f78f0903005064036736c7173a5c2ed,0.9041189864561301,처리지연율 높음(100%) | 부정리뷰율 높음(55%) | 지연 불만 리뷰 다수(36%)
835f0f7810c76831d6c7d24c7a646d4d,0.8984847091869829,처리지연율 높음(97%) | 출고지연율 높음(88%) | 부정리뷰율 높음(41%) | 지연 불만 리뷰 다수(22%)
c6381d2d013342748761e906d45aff76,0.8877359044864375,처리지연율 높음(82%) | 출고지연율 높음(59%) | 부정리뷰율 높음(53%) | 지연 불만 리뷰 다수(18%)
dd533b429f380718b70ad9922c294bae,0.8767229909718947,처리지연율 높음(79%) | 지연 불만 리뷰 다수(12%)
f76a3b1349b6df1ee875d1f3fa4340f0,0.8737974618771926,처리지연율 높음(85%) | 부정리뷰율 높음(46%) | 지연 불만 리뷰 다수(15%)
02d35243ea2e497335cd0f076b45675d,0.864113985413377,처리지연율 높음(83%) | 출고지연율 높음(67%) | 부정리뷰율 높음(67%) | 지연 불만 리뷰 다수(50%)
272f092de69afedd4d2969440b37f18f,0.8556822818488705,처리지연율 높음(62%) | 지연 불만 리뷰 다수(14%)
e883aa812c37a7413226856f4579fe91,0.8520223913059952,처리지연율 높음(55%) | 부정리뷰율 높음(35%)
8931a84a914b3fe9b1ddaa4d704947ca,0.849475161271526,처리지연율 높음(63%) | 지연 불만 리뷰 다수(11%)
95b293867b5862941c9cd74f756a3c68,0.8432097945202901,처리지연율 높음(100%) | 출고지연율 높음(60%) | 부정리뷰율 높음(40%) | 지연 불만 리뷰 다수(40%)
38102b031c2a15e54623d711bfc753d3,0.830863056966551,처리지연율 높음(83%) | 출고지연율 높음(83%) | 부정리뷰율 높음(50%)
9e6229250fedbe05838fef417b74e7fb,0.8133673499547933,지연 불만 리뷰 다수(14%)
b14db04aa7881970e83ffa9426897925,0.8061764671513297,처리지연율 높음(67%) | 지연 불만 리뷰 다수(9%)
1d8dbc4f32378d715c717c1c1fc57bae,0.7822563599267587,처리지연율 높음(62%) | 부정리뷰율 높음(31%) | 지연 불만 리뷰 다수(9%)
4bfc7a4a1cf8d4d2121c27422d9e50b5,0.7074174581736573,처리지연율 높음(62%) | 지연 불만 리뷰 다수(46%)
63b464dbf392c7b80d12d932fa7cafed,0.6833289952399565,처리지연율 높음(50%) | 지연 불만 리뷰 다수(12%)
3969863bb8af7f72580b3b1ffd3a17b3,0.6770396635408601,처리지연율 높음(86%) | 부정리뷰율 높음(43%) | 지연 불만 리뷰 다수(14%)
79ebd9a61bac3eaf882805ed4ecfa12a,0.6702618665067827,처리지연율 높음(79%) | 지연 불만 리뷰 다수(12%)
96804ea39d96eb908e7c3afdb671bb9e,0.6122516850175204,지연 불만 리뷰 다수(17%)
fb89df7f89fd1b8f03fa2acca1ba7364,0.6110324966119551,처리지연율 높음(78%) | 출고지연율 높음(56%) | 부정리뷰율 높음(44%) | 지연 불만 리뷰 다수(11%)
5b0cc932433fa5184b5b94bfe6bcc256,0.5482856868831916,처리지연율 높음(76%) | 부정리뷰율 높음(53%) | 지연 불만 리뷰 다수(29%)
adcf50477d6a1f5d91bb9d54c4903cb5,0.527359239489322,처리지연율 높음(96%) | 부정리뷰율 높음(40%) | 지연 불만 리뷰 다수(20%)
5f67c6082caacb26e431a7b17940cece,0.5124704416200587,처리지연율 높음(100%) | 출고지연율 높음(73%) | 지연 불만 리뷰 다수(18%)
df0f42bc4c2142eacf0eaf2cffd0cfbb,0.5000500135287308,처리지연율 높음(91%) | 부정리뷰율 높음(36%) | 지연 불만 리뷰 다수(9%)
b19f3ca2ea475913750f25a5c37c8d8f,0.48249956893344415,처리지연율 높음(91%) | 부정리뷰율 높음(36%) | 지연 불만 리뷰 다수(36%)
c3acdfac4e3e97ff87529454fbc03642,0.4693294292771366,처리지연율 높음(83%) | 출고지연율 높음(67%) | 부정리뷰율 높음(33%) | 지연 불만 리뷰 다수(50%)
4e8dacf3d38f281ae26c3e0321d92d88,0.46281734685322484,처리지연율 높음(67%) | 출고지연율 높음(56%) | 부정리뷰율 높음(44%) | 지연 불만 리뷰 다수(33%)
49067458c68f7701fd334ce326accbe0,0.43714564034641606,처리지연율 높음(73%) | 부정리뷰율 높음(42%) | 지연 불만 리뷰 다수(15%)
c42fd8e4d47dfb18ce5222f2dd7752f9,0.4312371877039518,처리지연율 높음(100%) | 출고지연율 높음(83%) | 부정리뷰율 높음(33%) | 지연 불만 리뷰 다수(33%)
f1b93673502375d491780bb49d615dbc,0.4268507187384681,처리지연율 높음(100%) | 출고지연율 높음(50%) | 부정리뷰율 높음(33%)
af4a0e4cfe1d9c26b6712b1be25a72e5,0.4127587117213752,처리지연율 높음(62%) | 부정리뷰율 높음(44%) | 지연 불만 리뷰 다수(62%)
d9e7e7778b32987280a6f2cb9a39c57d,0.3793751824464777,처리지연율 높음(56%) | 부정리뷰율 높음(56%) | 지연 불만 리뷰 다수(22%)
e819bcfade7b5d88a27325eb6cfd62c5,0.3710667820467,처리지연율 높음(64%) | 출고지연율 높음(64%) | 부정리뷰율 높음(36%) | 지연 불만 리뷰 다수(45%)
08d0949a9a17c027262db1f3c450c26c,0.3615196828147356,처리지연율 높음(64%) | 부정리뷰율 높음(55%) | 지연 불만 리뷰 다수(9%)
e504a4e2efaa45cbff7e268a2c58c956,0.3610511495292747,처리지연율 높음(60%) | 부정리뷰율 높음(30%) | 지연 불만 리뷰 다수(30%)
7fc87cc3e89b3d1d5cabdca32f8485aa,0.35729387564665366,처리지연율 높음(78%) | 부정리뷰율 높음(33%) | 지연 불만 리뷰 다수(33%)
c4fb51fb1c5b7c07bc5e67be6e7e8f6e,0.3423405597083474,처리지연율 높음(50%) | 부정리뷰율 높음(38%) | 지연 불만 리뷰 다수(12%)
5b664594895aefb418afaee6d40a9a23,0.3385174494738034,처리지연율 높음(73%) | 지연 불만 리뷰 다수(9%)
112453736dbe3889cfb74e1aaa0ba0c1,0.3357020001163144,처리지연율 높음(71%) | 지연 불만 리뷰 다수(36%)
33576ec5412fb5905d876f12f33bfde6,0.3354063396987399,처리지연율 높음(80%) | 부정리뷰율 높음(40%) | 지연 불만 리뷰 다수(10%)
4c8b8048e33af2bf94f2eb547746a916,0.3306544087353747,처리지연율 높음(77%) | 부정리뷰율 높음(46%) | 지연 불만 리뷰 다수(15%)
1c68394e931a64f90ea236c5ea590300,0.32379794389150884,처리지연율 높음(60%) | 지연 불만 리뷰 다수(19%)
c8467937e403e76a8ee9f0ab13f6f5ef,0.3191659927388348,처리지연율 높음(75%) | 지연 불만 리뷰 다수(8%)
f4c4daa86e30c7e5a553a8d518ac03a5,0.3129606913919895,처리지연율 높음(56%) | 부정리뷰율 높음(33%) | 지연 불만 리뷰 다수(33%)
f9903dd0f812c7e771fcad47b6fff231,0.3117977186088344,처리지연율 높음(86%)
610f72e407cdd7caaa2f8167b0163fd8,0.301171582342842,처리지연율 높음(57%) | 지연 불만 리뷰 다수(14%)
9c068d10aca38e85c50202e17b4a7e88,0.2971518338925603,처리지연율 높음(60%) | 부정리뷰율 높음(40%) | 지연 불만 리뷰 다수(20%)
e3dd723429d1b23614b7fa85e2c7a853,0.27531496737872463,처리지연율 높음(83%) | 부정리뷰율 높음(50%)
33c51922b6e3c16b24a8f28e5833c99d,0.24950136906422712,처리지연율 높음(100%) | 지연 불만 리뷰 다수(38%)
0bf0150d5b9d60d9cd2906003332f085,0.24390426887283914,처리지연율 높음(60%) | 지연 불만 리뷰 다수(8%)
d32e3909cfb714fb2a6cb092c85b9c5f,0.2190480145595755,처리지연율 높음(71%) | 부정리뷰율 높음(43%) | 지연 불만 리뷰 다수(57%)
ad781527c93d00d89a11eecd9dcad7c1,0.21720745908317124,처리지연율 높음(60%) | 부정리뷰율 높음(30%)
c447f8dd3ed213f291d65ef074a268eb,0.21618824827377395,처리지연율 높음(50%) | 지연 불만 리뷰 다수(38%)
26e2c91ef821e1ff8985f408788fe35b,0.20048715950108856,처리지연율 높음(57%) | 부정리뷰율 높음(43%)
49e7217cfe4e427191c378ec626d8737,0.19709151660707877,처리지연율 높음(55%) | 지연 불만 리뷰 다수(27%)
92eb0f42c21942b6552362b9b114707d,0.18492820310714658,처리지연율 높음(73%) | 지연 불만 리뷰 다수(17%)
45d33f715e24d15a6ccf5c17b3a23e3c,0.17462257933420391,지연 불만 리뷰 다수(24%)
157c3e4b42f81ac4a44e8b1ca2fe9876,0.17020633678677694,처리지연율 높음(58%) | 지연 불만 리뷰 다수(17%)
81336a0f57a33776419727a300249e90,0.1688814443966532,처리지연율 높음(100%) | 지연 불만 리뷰 다수(36%)
36a968b544695394e4e9d7572688598f,0.15034886212851156,부정리뷰율 높음(34%) | 지연 불만 리뷰 다수(12%)
e48cc16ab70bfa09e1401740dce0b3d7,0.13302569117896354,처리지연율 높음(67%) | 부정리뷰율 높음(44%) | 지연 불만 리뷰 다수(33%)
ab3e0c171fe84a7ba7de130f19cfb485,0.12847661685733713,처리지연율 높음(100%) | 지연 불만 리뷰 다수(14%)
beadbee30901a7f61d031b6b686095ad,0.12621900861001167,지연 불만 리뷰 다수(25%)
f46490624488d3ff7ce78613913a7711,0.12541271628260964,부정리뷰율 높음(33%) | 지연 불만 리뷰 다수(25%)
36890be00bbfc1cdb9a4a38a6af05a69,0.12161089596789033,처리지연율 높음(62%) | 지연 불만 리뷰 다수(12%)
c4d51195486dc781531876a7d00453d8,0.11732050167302407,처리지연율 높음(56%) | 부정리뷰율 높음(33%) | 지연 불만 리뷰 다수(11%)
0c7533c71df861ec58ad7ff999ed0e8d,0.1165588035819991,처리지연율 높음(51%) | 지연 불만 리뷰 다수(21%)
0725b8c0f3f906e58f70cbe76b7c748c,0.11061640759236491,부정리뷰율 높음(43%) | 지연 불만 리뷰 다수(23%)
f5f1f2c5f923f36ad79ea1d07185ddc9,0.10254557660350033,처리지연율 높음(80%) | 부정리뷰율 높음(40%) | 지연 불만 리뷰 다수(20%)
52a52b9f656520e99716f5bc40f661c8,0.08821497360007305,처리지연율 높음(57%) | 지연 불만 리뷰 다수(14%)
ad273c9eb54ecb4532de4bf75bae9e4e,0.08656037481668795,처리지연율 높음(71%) | 지연 불만 리뷰 다수(14%)
e21a1e8be4715b0fcfd5385643bc49c4,0.08639275898939755,처리지연율 높음(100%) | 출고지연율 높음(62%) | 부정리뷰율 높음(31%)
822bad9bc42b51213ba522fe87b7ab5d,0.08569871335271463,처리지연율 높음(50%) | 지연 불만 리뷰 다수(25%)
4305fe92735c8a43d154ff6dd2b8d927,0.07650393728358582,처리지연율 높음(50%) | 부정리뷰율 높음(42%)
a36ac007a4d18f865c8d32c3b2402c2d,0.0755038564144349,처리지연율 높음(71%) | 부정리뷰율 높음(57%) | 지연 불만 리뷰 다수(29%)
5151aea44289d6c6b090ee31c2132508,0.07385397147403995,부정리뷰율 높음(80%) | 지연 불만 리뷰 다수(20%)
575df70bde3f9f2b30bf8d2e9910d725,0.07370011757269579,지연 불만 리뷰 다수(12%)
30829ded4523ab9224b93bc49a62c95f,0.0668720769350293,부정리뷰율 높음(37%) | 지연 불만 리뷰 다수(15%)
688756f717c462a206ad854c5027a64a,0.06321018374097219,처리지연율 높음(74%) | 지연 불만 리뷰 다수(11%)
6b3bd31ad8fcda4b2635ec9f3ff2ecdf,0.05462457751749175,부정리뷰율 높음(33%) | 지연 불만 리뷰 다수(22%)
c37b2059d4f90d4feead554e5246565e,0.04667932562657809,처리지연율 높음(80%) | 지연 불만 리뷰 다수(20%)
7586919161935337bf6b6d7ff5779648,0.041083143388949556,부정리뷰율 높음(43%) | 지연 불만 리뷰 다수(14%)
9198786624eaeb375793215cad26cfa6,0.04045613797122781,처리지연율 높음(75%)
8ab42aa58097fd4668d60cc648225d5f,0.040125336659088684,처리지연율 높음(50%) | 부정리뷰율 높음(33%)
e9bc59e7b60fc3063eb2290deda4cced,0.0394384298704736,처리지연율 높음(65%) | 지연 불만 리뷰 다수(26%)
a2fa0bdc798ee84cdb08281337cf4fb6,0.03941644477362958,처리지연율 높음(83%) | 출고지연율 높음(67%) | 지연 불만 리뷰 다수(50%)
bca9230d3bbb4efa51872bf605a2f1ad,0.03853724338411148,처리지연율 높음(60%) | 지연 불만 리뷰 다수(20%)
c9a06ece156bb057372c68718ec8909b,0.03417878478498679,부정리뷰율 높음(57%) | 지연 불만 리뷰 다수(14%)
acb6c2ca5c82411c1fdb88d5fd5eb95e,0.03385150081267657,부정리뷰율 높음(44%) | 지연 불만 리뷰 다수(11%)
218f991754f360af9c2daa5e0b8e990c,0.03030958315963491,처리지연율 높음(89%) | 부정리뷰율 높음(33%) | 지연 불만 리뷰 다수(11%)
6d988d6174a2c27441597174f8905515,0.027436192581014016,처리지연율 높음(100%) | 출고지연율 높음(84%) | 지연 불만 리뷰 다수(11%)
213b25e6f54661939f11710a6fddb871,0.026728409477109614,처리지연율 높음(79%) | 지연 불만 리뷰 다수(12%)
55bb6fe5bebe5012e2d7d9928e1128ff,0.02631193377702613,부정리뷰율 높음(36%)
0747d5bb69f0586cc869d8af4c50f93e,0.02615645421457598,부정리뷰율 높음(33%)
de66a66f2dd06bb9ec37aa96987466a3,0.023588400219285557,처리지연율 높음(100%) | 출고지연율 높음(86%) | 지연 불만 리뷰 다수(14%)
318f287a62ab7ac10b703ac37435a231,0.023441684135965875,처리지연율 높음(57%) | 지연 불만 리뷰 다수(12%)
afe0067131b73e40875c9b6c10bd2e21,0.02344075594008609,처리지연율 높음(68%) | 지연 불만 리뷰 다수(16%)
b2ba3715d723d245138f291a6fe42594,0.023026878631019234,처리지연율 높음(84%) | 지연 불만 리뷰 다수(16%)
2cb6eb1b7185064167657fa09f541105,0.022955457967377666,처리지연율 높음(50%) | 지연 불만 리뷰 다수(12%)
b92e3c8f9738272ff7c59e111e108d7c,0.01990165141459906,처리지연율 높음(56%) | 지연 불만 리뷰 다수(26%)
a888faf2d1baececa6baf9c3d603ee1f,0.019444099475296024,처리지연율 높음(89%) | 지연 불만 리뷰 다수(17%)
87b740daf17b5d1be335a64164ec6842,0.015793864227000805,처리지연율 높음(67%)
3092c0b297aacfb4bb6e056ebe13b9b8,0.015791549295774646,처리지연율 높음(62%) | 부정리뷰율 높음(31%) | 지연 불만 리뷰 다수(8%)
73a63f72308aa20a46f4b1632018f196,0.015465970319096823,처리지연율 높음(52%) | 지연 불만 리뷰 다수(14%)
b32be1695eb7ec5f10f72d9610a12527,0.015440755940086088,처리지연율 높음(50%) | 지연 불만 리뷰 다수(18%)
cb5df0dcb9e280b1780e9d589889f2c7,0.015288502855111678,처리지연율 높음(50%) | 부정리뷰율 높음(30%) | 지연 불만 리뷰 다수(10%)
f27e33c6d29b5138fa9967bcd445b6d5,0.014997120838286143,처리지연율 높음(77%) | 지연 불만 리뷰 다수(23%)
d5ba419e26d246a0719437cf37d9b46d,0.012,지연 불만 리뷰 다수(29%)
6a51fc556dab5f766ced6fbc860bc613,0.012,복합 지표 위험
e81e1f9c3e762e620f3fb60a51499e16,0.012,처리지연율 높음(67%) | 부정리뷰율 높음(33%) | 지연 불만 리뷰 다수(11%)
4e17c65a516f69d023a2ae78b84f28d6,0.012,지연 불만 리뷰 다수(20%)
c273175f7c6c80fb02f051e2fc6d0d72,0.012,처리지연율 높음(64%) | 부정리뷰율 높음(36%)
c6a7539d424a8402232c2228d7a03c5e,0.011793864227000803,처리지연율 높음(83%) | 지연 불만 리뷰 다수(17%)
ed4acab38528488b65a9a9c603ff024a,0.011778715729389322,복합 지표 위험
9a03a4e9eb0b947652fae4f6121a3f5e,0.011762484064253436,부정리뷰율 높음(40%) | 지연 불만 리뷰 다수(20%)
9c0e69c7bf2619675bbadf47b43f655a,0.011739225093995706,처리지연율 높음(55%) | 지연 불만 리뷰 다수(22%)
827f8f69dfa529c561901c4f2e0f332f,0.01154932320781884,지연 불만 리뷰 다수(17%)
1c129092bf23f28a5930387c980c0dfc,0.011465970319096823,처리지연율 높음(67%) | 지연 불만 리뷰 다수(9%)
c70c1b0d8ca86052f45a432a38b73958,0.011465970319096823,지연 불만 리뷰 다수(14%)
d17f467e4bf608a510c20d82f4ba3b6b,0.011407899414221134,처리지연율 높음(71%) | 지연 불만 리뷰 다수(14%)
8603f0038fe0e52fedd3382d266723de,0.011407899414221134,처리지연율 높음(100%) | 지연 불만 리뷰 다수(14%)
1b7e5006cb25dd23ce8686691013b121,0.011407899414221134,처리지연율 높음(100%) | 지연 불만 리뷰 다수(20%)
431af27f296bc6519d890aa5a05fdb11,0.011232681365279704,처리지연율 높음(81%) | 지연 불만 리뷰 다수(15%)
48efc9d94a9834137efd9ea76b065a38,0.008,처리지연율 높음(85%) | 출고지연율 높음(85%) | 지연 불만 리뷰 다수(58%)
1b8b75e227c9a9c100d0c210fb6176ce,0.008,처리지연율 높음(100%) | 출고지연율 높음(100%) | 지연 불만 리뷰 다수(14%)
710e3548e02bc1d2831dfc4f1b5b14d4,0.008,지연 불만 리뷰 다수(17%)
bb5bd94c8f59cc050072d2930c869cac,0.008,처리지연율 높음(100%) | 출고지연율 높음(60%) | 지연 불만 리뷰 다수(30%)
e9d99831abad74458942f21e16f33f92,0.008,부정리뷰율 높음(32%) | 지연 불만 리뷰 다수(17%)
d2374cbcbb3ca4ab1086534108cc3ab7,0.008,처리지연율 높음(62%) | 부정리뷰율 높음(32%) | 지연 불만 리뷰 다수(13%)
656591be56071d4c9ef4e5fee78a578a,0.008,지연 불만 리뷰 다수(10%)
37515688008a7a40ac93e3b2e4ab203f,0.008,처리지연율 높음(65%) | 지연 불만 리뷰 다수(9%)
eb5b6204dde3a6e03b5f1bb8479f055b,0.008,지연 불만 리뷰 다수(25%)
cf2384dd2f1dddea3f838efed0945e65,0.008,처리지연율 높음(50%) | 부정리뷰율 높음(38%) | 지연 불만 리뷰 다수(25%)
7bcd7c5f8631701474db233ccf1c094b,0.008,처리지연율 높음(57%) | 지연 불만 리뷰 다수(14%)
f41ce2e25237f9092cd8e6e7516c7a2f,0.007985862348951617,지연 불만 리뷰 다수(8%)
cd06602b43d8800bd0afad514919d35c,0.007975713816869052,처리지연율 높음(60%) | 부정리뷰율 높음(34%)
bd1d49a326abfa9b1036772e40445430,0.007906048789335266,처리지연율 높음(56%) | 부정리뷰율 높음(33%) | 지연 불만 리뷰 다수(22%)
5bc55dbe2f12b6af6d83ed46023e0dc8,0.007891477415570267,부정리뷰율 높음(82%) | 지연 불만 리뷰 다수(35%)
fa1a9dec3a9940c072684a46728bf1fc,0.007878164231323318,처리지연율 높음(81%) | 지연 불만 리뷰 다수(14%)
f1ed6bd0a9b11b581f16c851c6a5a527,0.007867121565810738,처리지연율 높음(100%) | 출고지연율 높음(58%) | 지연 불만 리뷰 다수(17%)
70c27847eca8195c983ed7e798c56743,0.00776443947300644,처리지연율 높음(74%) | 지연 불만 리뷰 다수(26%)
1354d51653f645349064725ed204e85e,0.007762484064253436,부정리뷰율 높음(43%) | 지연 불만 리뷰 다수(14%)
c26a2be5b53b7db6b276280da212a779,0.007733185411177368,부정리뷰율 높음(40%) | 지연 불만 리뷰 다수(30%)
3481aa57cd91f9f9d3fa1fa12d9a3bf7,0.00754932320781884,처리지연율 높음(57%) | 지연 불만 리뷰 다수(7%)
373ee4a3a775a733770ca3f790b8b9ac,0.00754932320781884,처리지연율 높음(56%) | 지연 불만 리뷰 다수(19%)
5abb8ea023c77787f2c15da891c8d384,0.00754932320781884,처리지연율 높음(80%) | 지연 불만 리뷰 다수(40%)
53e4c6e0f4312d4d2107a8c9cddf45cd,0.00754932320781884,처리지연율 높음(57%) | 지연 불만 리뷰 다수(14%)
9803a40e82e45418ab7fb84091af5231,0.00754932320781884,처리지연율 높음(70%) | 지연 불만 리뷰 다수(30%)
15cd6eefe58588619aaed41dfa6621b1,0.00754932320781884,처리지연율 높음(64%) | 지연 불만 리뷰 다수(21%)
d93919c944be9cff128f6c9cb899eacb,0.004,처리지연율 높음(67%) | 출고지연율 높음(50%) | 지연 불만 리뷰 다수(22%)
71039d19d4303bf9054d69e9a9236699,0.004,부정리뷰율 높음(60%)
0e982cff76cc0579f632cea8a0e38c9d,0.004,처리지연율 높음(50%) | 부정리뷰율 높음(50%) | 지연 불만 리뷰 다수(50%)
dd55f1bb788714a40e7954c3be6df745,0.004,처리지연율 높음(62%) | 부정리뷰율 높음(31%) | 지연 불만 리뷰 다수(12%)
b18871c324516afa228a13e8f1ef0ae9,0.004,처리지연율 높음(65%) | 지연 불만 리뷰 다수(20%)
c12b92bf1c350f3e6bf88d3596219c86,0.004,부정리뷰율 높음(50%)
85d9eb9ddc5d00ca9336a2219c97bb13,0.004,처리지연율 높음(70%) | 지연 불만 리뷰 다수(13%)
83deb69e889cf80f82be1dc6d5f2d486,0.004,처리지연율 높음(76%) | 지연 불만 리뷰 다수(12%)
41ab63a91b8b264e8c8780368bf1dd5b,0.004,처리지연율 높음(60%)
8b8cfc8305aa441e4239358c9f6f2485,0.004,부정리뷰율 높음(38%) | 지연 불만 리뷰 다수(12%)
bd15ee794d5e640d9dd71b665b2ab15b,0.004,지연 불만 리뷰 다수(44%)
5c6d4016c2a288f074fa0848a2b653d2,0.004,지연 불만 리뷰 다수(19%)
2e3be8a987a30d7544dbbda6861cc14e,0.004,복합 지표 위험
2089a6d640999f9b9141ac719b2af596,0.004,처리지연율 높음(88%) | 지연 불만 리뷰 다수(20%)
cb3dd9ce66268c7a3ca7241ac70ab58c,0.004,처리지연율 높음(90%) | 지연 불만 리뷰 다수(10%)
634964b17796e64304cadf1ad3050fb7,0.004,처리지연율 높음(53%) | 지연 불만 리뷰 다수(18%)
897060da8b9a21f655304d50fd935913,0.004,부정리뷰율 높음(37%) | 지연 불만 리뷰 다수(15%)
5ab05b6d86d417796c69ffd6774ec832,0.004,부정리뷰율 높음(50%)
b8630e1121437d41cb08e3c749c2c2e2,0.004,처리지연율 높음(67%) | 지연 불만 리뷰 다수(50%)
c731d18cea9bf687ffee82a241c25b11,0.004,지연 불만 리뷰 다수(25%)
1025f0e2d44d7041d6cf58b6550e0bfa,0.004,지연 불만 리뷰 다수(21%)
1cbd32d00d01bb8087a5eb088612fd9c,0.004,지연 불만 리뷰 다수(11%)
c9aafcd0621b2207c10e32c649cada4d,0.004,처리지연율 높음(67%) | 지연 불만 리뷰 다수(46%)
0691148aee60ca47977c187804f935ae,0.004,지연 불만 리뷰 다수(19%)
9dda5bbacd45e18d6485fee649205d09,0.004,처리지연율 높음(93%) | 출고지연율 높음(50%)
ea65d8b58316a6f2362f2a9e4b3e86ad,0.004,부정리뷰율 높음(47%) | 지연 불만 리뷰 다수(7%)
a3e9a2c700480d9bb01fba070ba80a0e,0.004,지연 불만 리뷰 다수(25%)
e99e927c81e3f51739c94fcdfca9f10f,0.004,부정리뷰율 높음(33%) | 지연 불만 리뷰 다수(17%)
f80edd2c5aaa505cc4b0a3b219abf4b8,0.004,지연 불만 리뷰 다수(17%)
00720abe85ba0859807595bbf045a33b,0.004,부정리뷰율 높음(56%) | 지연 불만 리뷰 다수(6%)
a2e874074c877c5a05abae80ad6e488f,0.004,처리지연율 높음(59%) | 지연 불만 리뷰 다수(34%)
4917cee8d902e13428c3ec4b1ca6f315,0.004,처리지연율 높음(72%) | 지연 불만 리뷰 다수(22%)
cce6ab8d1682639fe45ab70234f1665f,0.004,처리지연율 높음(86%) | 지연 불만 리뷰 다수(18%)
e8a85b5f3df47be0984c55fd4064dbb4,0.004,처리지연율 높음(57%)
33ac3e28642ab8bda860a2f693000e78,0.004,처리지연율 높음(52%) | 지연 불만 리뷰 다수(26%)
aac29b1b99776be73c3049939652091d,0.004,지연 불만 리뷰 다수(15%)
066a6914e1ebf3ea95a216c73a986b91,0.004,지연 불만 리뷰 다수(6%)
dfc5fb7259bb2b599ca565e6e9448f0f,0.003966451320412558,처리지연율 높음(61%) | 지연 불만 리뷰 다수(13%)
6c177e38df6d3f34182b1f1d427231bf,0.003878164231323317,처리지연율 높음(73%) | 지연 불만 리뷰 다수(12%)
834f8533b2ecb6598dd004ff3de7203a,0.003878164231323317,처리지연율 높음(69%) | 지연 불만 리뷰 다수(6%)
14a08204d03bb6b6bde8029f801ae0eb,0.003864787261811537,부정리뷰율 높음(39%) | 지연 불만 리뷰 다수(30%)
ffdd9f82b9a447f6f8d4b91554cc7dd3,0.003847792361728458,처리지연율 높음(75%)
014c0679dd340a0e338872e7ec85666a,0.003847792361728458,처리지연율 높음(88%) | 출고지연율 높음(50%) | 지연 불만 리뷰 다수(38%)
5882820ef11c4c068eea0677a7a879b4,0.003433673469387755,처리지연율 높음(78%)
271c58a1d139c45eaf3316107c6d3a3b,0.003433673469387755,처리지연율 높음(74%) | 지연 불만 리뷰 다수(13%)
df560393f3a51e74553ab94004ba5c87,0.003354517133956386,처리지연율 높음(79%) | 지연 불만 리뷰 다수(16%)
6806dad1da97bfb5a9038eac6881f706,0.0,복합 지표 위험
679769a98cfcc6da877c8486ff1c13f3,0.0,지연 불만 리뷰 다수(9%)
33cbbec1e7e1044aaf11d152172c776f,0.0,지연 불만 리뷰 다수(15%)
3771c85bac139d2344864ede5d9341e3,0.0,처리지연율 높음(50%) | 부정리뷰율 높음(44%) | 지연 불만 리뷰 다수(11%)
67883baaae6134ee81b271a542613728,0.0,지연 불만 리뷰 다수(17%)
6b803197e03abd5056b4313306b4f29d,0.0,지연 불만 리뷰 다수(9%)
6750d71153f00fc58829af2a8ef1bcf1,0.0,복합 지표 위험
66fd84ee7528c0c0de85d0f44a73d5ab,0.0,부정리뷰율 높음(43%) | 지연 불만 리뷰 다수(36%)
6b9b80d53ba3676eafe60268a810b5a1,0.0,처리지연율 높음(67%) | 지연 불만 리뷰 다수(33%)
670a9dda115b5a88b18cfadee8de2332,0.0,지연 불만 리뷰 다수(17%)
67bf6941ba2f1fa1d02c375766bc3e53,0.0,지연 불만 리뷰 다수(43%)
6879c4d287a8dd06b11f54ea8f78e4da,0.0,복합 지표 위험
33d677f27a69b84051204ee4ae76eaca,0.0,복합 지표 위험
2aa3443d7bf9d9bb11133f420d75e083,0.0,부정리뷰율 높음(60%) | 지연 불만 리뷰 다수(40%)
68f86ba270525243e68ae74044f992b9,0.0,복합 지표 위험
6a0cbc8af2e8abd1bdfb777943d174c6,0.0,지연 불만 리뷰 다수(27%)
365e4bce19bda0082c3d15d83fdb8bcd,0.0,지연 불만 리뷰 다수(17%)
3492e68f37fd1df87f4f2f2ea247f445,0.0,부정리뷰율 높음(33%)
2953ce3a88f5e3c3b696d77fc9e4c8eb,0.0,복합 지표 위험
293dee954235e4e4e43f129313625ebe,0.0,복합 지표 위험
6a38087bc8ad4f89ff453561005f6dea,0.0,지연 불만 리뷰 다수(17%)
29fe9f200d3fa0c668d2aa1ec7e08dfb,0.0,복합 지표 위험
6aa3928696eab49a19a466e665a649fd,0.0,지연 불만 리뷰 다수(22%)
6b333a05bf188ef3e1f1662a86bd9855,0.0,지연 불만 리뷰 다수(25%)
68ca56ce86830f3d31b1b7ec6a54da3e,0.0,부정리뷰율 높음(40%) | 지연 불만 리뷰 다수(20%)
6b536a23086fba0d58c08d68814397f6,0.0,지연 불만 리뷰 다수(27%)
6989574bd97d9773f10d232b6c07da59,0.0,처리지연율 높음(67%)
681fce914360217db47784ae28905a96,0.0,지연 불만 리뷰 다수(33%)
343e716476e3748b069f980efbaa294e,0.0,처리지연율 높음(85%) | 지연 불만 리뷰 다수(38%)
2be17df1c49978426251562096c3cc09,0.0,지연 불만 리뷰 다수(11%)
2b1a40c1daabc6ca280c4b815c101841,0.0,지연 불만 리뷰 다수(40%)
6bb0724edf0b62fb91ac404873a97241,0.0,지연 불만 리뷰 다수(33%)
3364a91ec4d56c98e44174de954b94f6,0.0,부정리뷰율 높음(40%) | 지연 불만 리뷰 다수(20%)
7139dc5186aa238b006e066d8fbab2e4,0.0,지연 불만 리뷰 다수(25%)
7210cd29727d674c00741e5e387b3ccd,0.0,지연 불만 리뷰 다수(11%)
7238a95bb63ef7e498389fb863b834a1,0.0,지연 불만 리뷰 다수(12%)
723cd880edaacdb998898b67c8f9da30,0.0,복합 지표 위험
2e1a7d075abe038c1b2743005fe42ff1,0.0,처리지연율 높음(57%)
7a425d299613df3e613bcf9d2eaf5c49,0.0,부정리뷰율 높음(36%) | 지연 불만 리뷰 다수(18%)
7354220fb240bde543b3c40c060d41e7,0.0,처리지연율 높음(60%) | 지연 불만 리뷰 다수(20%)
7357b52d27cbaa90f81a96cbc1279396,0.0,복합 지표 위험
73b8eb4a9a729d4019b24ed1be748cbf,0.0,지연 불만 리뷰 다수(20%)
2dee2ce60de9709b1a24083217181a1f,0.0,지연 불만 리뷰 다수(43%)
768a86e36ad6aae3d03ee3c6433d61df,0.0,지연 불만 리뷰 다수(17%)
768de2a4fc06aacecb9a586ccc30746a,0.0,지연 불만 리뷰 다수(14%)
2dcf93836ae3ce0d7c93e2f10876467a,0.0,부정리뷰율 높음(33%) | 지연 불만 리뷰 다수(11%)
7a2d2949aea47fab95fd98d6c9f618b1,0.0,지연 불만 리뷰 다수(29%)
76ea5315acb3f5f7ade3cd261faf922a,0.0,지연 불만 리뷰 다수(12%)
2d518637f53161b973e01f56ea4bb88e,0.0,처리지연율 높음(75%)
77e4abfd739aed9c46480f90f81c0eb4,0.0,지연 불만 리뷰 다수(17%)
77fccaae319668a8ab6cd0fd16aec48c,0.0,지연 불만 리뷰 다수(25%)
2d42ebcda99fd55f6f4bc2f1ca035d50,0.0,지연 불만 리뷰 다수(20%)
784ba75dd9d20200c4caed3d7a77141a,0.0,처리지연율 높음(89%)
2d2c62bef4c8ba0dd74e0e228e808539,0.0,지연 불만 리뷰 다수(33%)
79ed755314cfe6df0daef2c6cd3022cd,0.0,지연 불만 리뷰 다수(33%)
2c4c47cb51acd5ea5db5e0ae0e26542a,0.0,지연 불만 리뷰 다수(17%)
788e857f317e53de488d393e65a80f45,0.0,지연 불만 리뷰 다수(17%)
2bf6a2c1e71bbd29a4ad64e6d3c3629f,0.0,부정리뷰율 높음(33%) | 지연 불만 리뷰 다수(22%)
7901646fdd36a55f564ffaf2dbccaaf7,0.0,지연 불만 리뷰 다수(12%)
79565f7d5603b24ddf07ade262547f2f,0.0,복합 지표 위험
2e7ea2aafec5835e781b21d6d1faf1f1,0.0,지연 불만 리뷰 다수(20%)
2f09f7d37a97956d11cc1a7cadd5262b,0.0,처리지연율 높음(71%) | 지연 불만 리뷰 다수(29%)
2f4b0d3b9634b647d4edee577d7ebb7e,0.0,처리지연율 높음(100%)
66e0557ecc2b4dbea057e93f215f68d8,0.0,처리지연율 높음(100%) | 지연 불만 리뷰 다수(27%)
6c12e40690c335dbc2f68a4134d30dc1,0.0,처리지연율 높음(50%) | 지연 불만 리뷰 다수(10%)
6c6e3d67f969468f3bfd33f827a31222,0.0,지연 불만 리뷰 다수(17%)
6c99c983ce3b6ba0ab813e6790e81691,0.0,지연 불만 리뷰 다수(33%)
6da1992f915d77be95d7fa48b36904af,0.0,처리지연율 높음(67%) | 지연 불만 리뷰 다수(33%)
334cab711dee080b079fa5779b584783,0.0,복합 지표 위험
32fdd5d44ecb43dfd6a24b9369eca144,0.0,복합 지표 위험
7994b065a7ffb14e71c6312cf87b9de2,0.0,복합 지표 위험
7b7f91e98f8c6def45a1407923304402,0.0,처리지연율 높음(67%) | 부정리뷰율 높음(33%)
6ddc28b61be28373b4503a1f61cf98a9,0.0,지연 불만 리뷰 다수(12%)
6e0908ef4d4efadbc3cc2b74ea477cb0,0.0,지연 불만 리뷰 다수(11%)
6e1862e15f33d9994bc25922a85e1efc,0.0,복합 지표 위험
31da954dc0855f2495c6310f70a2f931,0.0,지연 불만 리뷰 다수(23%)
6e864f5c4669eff3d98140a07cc50202,0.0,지연 불만 리뷰 다수(14%)
2f74af7a0ee5636f12c2336f9fffed47,0.0,복합 지표 위험
6eb94e1466490d327a09abf8f3552a50,0.0,지연 불만 리뷰 다수(29%)
30a81d8cf85fb2ada1b1b094c9583a95,0.0,지연 불만 리뷰 다수(12%)
7b1222c3624aa89b9558b50a2594188c,0.0,처리지연율 높음(83%) | 지연 불만 리뷰 다수(25%)
3076499bbc033a927bf4a8a41bcf7fd4,0.0,지연 불만 리뷰 다수(22%)
6ec1a01e866584bb679eb9b098345919,0.0,지연 불만 리뷰 다수(22%)
6f229cc508fc6915ed5c499efd93baa4,0.0,지연 불만 리뷰 다수(9%)
6f83d9e4da896daae20b9b6b2d3ff8d2,0.0,지연 불만 리뷰 다수(14%)
6f892e20a171e98efe17fdb971ff319b,0.0,지연 불만 리뷰 다수(10%)
70849ca4f400aaabb62cb7462a6f1428,0.0,지연 불만 리뷰 다수(17%)
70b52a4cfc823994561b00bad161b4ed,0.0,처리지연율 높음(89%) | 지연 불만 리뷰 다수(33%)
70bf57d811208f8923b41bbd499a67a4,0.0,지연 불만 리뷰 다수(14%)
2fdde51ad3e12f297da656d4fbd5d0b5,0.0,지연 불만 리뷰 다수(40%)
6e4a902d1054e4e17aa6eab87fac1c75,0.0,처리지연율 높음(83%) | 지연 불만 리뷰 다수(17%)
39c763cca83e654764b7a4a650fb9b7c,0.0,처리지연율 높음(67%) | 지연 불만 리뷰 다수(17%)
65b081a070633e057c462abdd6fb9dd8,0.0,지연 불만 리뷰 다수(30%)
54583ab379489add547fe47b628db589,0.0,지연 불만 리뷰 다수(33%)
4324dd16853115efb0fd9d0d131ba6f4,0.0,지연 불만 리뷰 다수(33%)
431050a06a317f2b38168dec3dcd2b46,0.0,처리지연율 높음(62%)
525e75a6fb1454a2325ab1734bcec221,0.0,부정리뷰율 높음(33%) | 지연 불만 리뷰 다수(33%)
430315b7bb4b6e4b3c978f9dfa9b0558,0.0,복합 지표 위험
52d76513f0c4d97f3b99570e2c94ee31,0.0,처리지연율 높음(50%) | 부정리뷰율 높음(57%) | 지연 불만 리뷰 다수(7%)
42fa4ee7240e9b8eb4576358ec142ba7,0.0,지연 불만 리뷰 다수(20%)
52f0fe436a347ddad7ed5f9aa4e27eaa,0.0,부정리뷰율 높음(47%) | 지연 불만 리뷰 다수(27%)
52f9db5cfb423382a2fa5c9e39303202,0.0,지연 불만 리뷰 다수(8%)
42ef3192a9ff87a22d1867b74b3ee205,0.0,처리지연율 높음(67%) | 지연 불만 리뷰 다수(20%)
53d00c40e32aeb924a84ce72b1af869d,0.0,지연 불만 리뷰 다수(14%)
54065e9aef7e9e9c2dc23b7594db021a,0.0,지연 불만 리뷰 다수(22%)
42bde9fef835393bb8a8849cb6b7f245,0.0,지연 불만 리뷰 다수(15%)
4200ddf1967c5e41e48db62bc6d4b5ac,0.0,지연 불만 리뷰 다수(24%)
41da412d33e8da4f22baf55cb1bde82c,0.0,지연 불만 리뷰 다수(33%)
51e4e89242cbb846c2deff3dc015650e,0.0,지연 불만 리뷰 다수(10%)
41c2bad7229b0c25e6becf179ebf63ff,0.0,지연 불만 리뷰 다수(9%)
41b86b552e54e3a7009596125aa8b167,0.0,지연 불만 리뷰 다수(14%)
54aa8463e87776b5612f4bdc4bd5d4de,0.0,복합 지표 위험
41b14765bd56c8ad10971074380f9c0c,0.0,부정리뷰율 높음(38%)
7b98de631987e26dd6d803490c43a13c,0.0,복합 지표 위험
54c04bdb5ec46762f8f08c7e8f86ed4a,0.0,지연 불만 리뷰 다수(20%)
55029529919c0123526150bd26ca8f20,0.0,처리지연율 높음(67%)
557f22c76691849db52d2abccf0015d0,0.0,부정리뷰율 높음(56%) | 지연 불만 리뷰 다수(11%)
412a4720f3e9431b4afa1476a1acddbe,0.0,지연 불만 리뷰 다수(7%)
411f3b52d857390502ee4e4d5ceabc2d,0.0,복합 지표 위험
55d3daac7c404d59e51c2aa2f4dc5a23,0.0,복합 지표 위험
55dedd83e501d8248880557d9073cbfd,0.0,지연 불만 리뷰 다수(33%)
5670f4db5b62c43d542e1b2d56b0cf7c,0.0,지연 불만 리뷰 다수(18%)
52562a9f449c3dc3d53f5f5b9ed74903,0.0,지연 불만 리뷰 다수(12%)
43f8c9950d11ecd03a0304a49e010da6,0.0,지연 불만 리뷰 다수(17%)
404e1ba01358af4cd63f679b2c4d1fa1,0.0,복합 지표 위험
4eb61f060e7dcc1d5a80d806c35cc541,0.0,지연 불만 리뷰 다수(33%)
4aba391bc3b88717ce08eb11e44937b2,0.0,지연 불만 리뷰 다수(21%)
4b5f66b7adcf57f1ecc0d3c07dd6b177,0.0,지연 불만 리뷰 다수(33%)
49cdc90518a4f82676b38b3c1aa43ff6,0.0,부정리뷰율 높음(40%) | 지연 불만 리뷰 다수(40%)
4ba52dfeba874da5b9ee7b17c7494f04,0.0,지연 불만 리뷰 다수(33%)
4be6b962d83299498bae2190f95d6566,0.0,지연 불만 리뷰 다수(20%)
4bf2f4ee540798a61f9636d12cd9cc80,0.0,복합 지표 위험
4c61e37f664c3c88aff092aa5ac779d7,0.0,지연 불만 리뷰 다수(40%)
4978a02ea9c8be7a9b5480680f40334e,0.0,지연 불만 리뷰 다수(38%)
4d0041cdbe51b4617d95c70b19decc74,0.0,지연 불만 리뷰 다수(14%)
4de6e4ba574aa9dfdc824bc44dc47fdd,0.0,지연 불만 리뷰 다수(20%)
4e06067cc08b3f41d837768d392c3ee3,0.0,지연 불만 리뷰 다수(9%)
4e5725ba188db8252977a4f0227bd462,0.0,지연 불만 리뷰 다수(27%)
49383af7ab774e4e8f3000f49c83dc4b,0.0,처리지연율 높음(60%) | 지연 불만 리뷰 다수(10%)
48fb026ed7455a42f5d3e9390ed5088e,0.0,부정리뷰율 높음(38%) | 지연 불만 리뷰 다수(25%)
51702dc2a3e106c76dbff722b5bf0726,0.0,지연 불만 리뷰 다수(20%)
4ef4c39cf3c24f326434cf0b2e48046a,0.0,처리지연율 높음(50%) | 부정리뷰율 높음(33%) | 지연 불만 리뷰 다수(17%)
48985c61529077fa4f1e38bcff0f2ed3,0.0,복합 지표 위험
5011f0d93373a4c5753adf58ca77af8d,0.0,부정리뷰율 높음(33%) | 지연 불만 리뷰 다수(20%)
503c1de08ae81a2d86f17951b204db55,0.0,지연 불만 리뷰 다수(33%)
47efca563408aae19bb7206c2d969ea9,0.0,처리지연율 높음(50%) | 지연 불만 리뷰 다수(33%)
4736e9d642ef4257cd7622516931eb51,0.0,부정리뷰율 높음(38%)
5075aaa8404020ae6aa8bf4792099b41,0.0,처리지연율 높음(82%)
508808d438fe2ff972ed13bb8f4a82e2,0.0,지연 불만 리뷰 다수(40%)
512d298ac2a96d1931b6bd30aa21f61d,0.0,지연 불만 리뷰 다수(11%)
4677a5437afda5fa7140b927b07be1cc,0.0,복합 지표 위험
457fe919b032a3f7dadba6fb92cf7855,0.0,지연 불만 리뷰 다수(20%)
45213867cefbf2cd4c6177e10216a951,0.0,복합 지표 위험
5160d23075764e18e07c1f4a87fad743,0.0,지연 불만 리뷰 다수(20%)
406740ee611378a662d274c7d8c43c4a,0.0,지연 불만 리뷰 다수(43%)
577719699805dd125d5b6fdde5943bba,0.0,지연 불만 리뷰 다수(14%)
659e8466eb3ff1b0e8740d74fb7bbedd,0.0,복합 지표 위험
39d54ff918774174706fb065d7f9dc07,0.0,지연 불만 리뷰 다수(9%)
3b872fd4747f01cc56206f2934198618,0.0,부정리뷰율 높음(47%) | 지연 불만 리뷰 다수(7%)
3afc536624bc2e65bddfb5db33cc01f3,0.0,처리지연율 높음(100%) | 지연 불만 리뷰 다수(60%)
5d9dc90a686a8fddacffab6bab5653a3,0.0,복합 지표 위험
3a734b715d333a2588a3d54a0c9b8746,0.0,처리지연율 높음(62%) | 지연 불만 리뷰 다수(31%)
5debea795b07621e1f90532e18f96145,0.0,지연 불만 리뷰 다수(20%)
5e105f5c9f63f5f1fd75d6cb942e55b1,0.0,복합 지표 위험
5ef131ac72773e5b3f6c0d63cf424657,0.0,복합 지표 위험
5f26c1408a65b42a7224cd463bdf3292,0.0,복합 지표 위험
3a1a1fec38dd360f15fc912e821e169d,0.0,처리지연율 높음(71%) | 지연 불만 리뷰 다수(14%)
39d61be7a92eb77b7da367bd4845bc0e,0.0,처리지연율 높음(70%) | 지연 불만 리뷰 다수(10%)
5f7300535881cef3b625fd683cf7d145,0.0,지연 불만 리뷰 다수(22%)
5fd924b4836098a5be0ecf81ba054ce0,0.0,부정리뷰율 높음(40%) | 지연 불만 리뷰 다수(40%)
60562ab00b8054280520d390c8c0045c,0.0,복합 지표 위험
606ce7768feac12c5e8bd58db8b08f0f,0.0,지연 불만 리뷰 다수(40%)
5c030029b5916fed0986310385ec9009,0.0,지연 불만 리뷰 다수(14%)
4a1f694197d05fe70026b016a7316b41,0.0,지연 불만 리뷰 다수(36%)
6288c69c4ce638e59925e59193f98b16,0.0,처리지연율 높음(54%) | 지연 불만 리뷰 다수(8%)
3985a3c45be355a4c57fde108bfabd1c,0.0,지연 불만 리뷰 다수(17%)
62c50c1af4dfdc4149d25c5222043d39,0.0,부정리뷰율 높음(64%) | 지연 불만 리뷰 다수(36%)
638cba8be1fb599bbb76fd6948351eb3,0.0,지연 불만 리뷰 다수(26%)
63a79f5a7eb5cb48a7e5787b141c7993,0.0,처리지연율 높음(62%) | 지연 불만 리뷰 다수(12%)
3935fe5fe0f82787a9dcb8deb62be09d,0.0,복합 지표 위험
63ffcb71394dd8ea3872ed9ffda17c74,0.0,부정리뷰율 높음(50%) | 지연 불만 리뷰 다수(25%)
651fe66032c9520ee5587f694908040d,0.0,복합 지표 위험
655220df33262c7e0c4949a147366f94,0.0,지연 불만 리뷰 다수(8%)
6562efe88ce0826a4ca4f189f03b4b84,0.0,처리지연율 높음(82%) | 지연 불만 리뷰 다수(29%)
392e0502231ae2f8b29994ef6398cd77,0.0,지연 불만 리뷰 다수(18%)
392353362d22cc2c236e1ee81ff19890,0.0,복합 지표 위험
5c3460cd3e8a984382ae254e7dd20d9f,0.0,지연 불만 리뷰 다수(11%)
5bffbafbb22daf6d3bfc216a46db8708,0.0,지연 불만 리뷰 다수(7%)
57fe6232e67823593374a2281d7a8af8,0.0,지연 불만 리뷰 다수(33%)
3ea00e1dea2b0659dbaf654735929220,0.0,복합 지표 위험
402916f742e5c740cc751493d9cf5053,0.0,지연 불만 리뷰 다수(43%)
3faf68a3b0af94b10bac70d86077be49,0.0,처리지연율 높음(100%) | 지연 불만 리뷰 다수(40%)
3fac58ce0ad699020c7944d53c41329c,0.0,복합 지표 위험
59417c56835dd8e2e72f91f809cd4092,0.0,처리지연율 높음(58%) | 지연 불만 리뷰 다수(25%)
3f9be91358837bff69df67edfa3e42e8,0.0,지연 불만 리뷰 다수(14%)
596849622429351f47b32e6cae1055ff,0.0,지연 불만 리뷰 다수(10%)
59cea8e446d3834393058e7e0666b6fb,0.0,복합 지표 위험
3f8034bfc6b8b4135534975d49f04c63,0.0,부정리뷰율 높음(45%) | 지연 불만 리뷰 다수(9%)
5a05a16bb50629ee31afab8a6d4c2674,0.0,복합 지표 위험
5a413ade68e8f8d93071a7f52a64cb9e,0.0,지연 불만 리뷰 다수(33%)
5a425cc503b39b262a847fd6212bf53b,0.0,지연 불만 리뷰 다수(10%)
5a6a02f419701fc8c605af71d4fc57a4,0.0,지연 불만 리뷰 다수(50%)
5b07547f10dd980738a1a27f685af669,0.0,지연 불만 리뷰 다수(9%)
5b2e94f2c22b39ccc24d34ad0f669672,0.0,지연 불만 리뷰 다수(20%)
5bc24d989e71e93c33e50a7782431b0e,0.0,지연 불만 리뷰 다수(27%)
5b33b527da3c5b969cc99dc435cad09a,0.0,지연 불만 리뷰 다수(25%)
3dbbce181edfaa4a597ec858c382d2ec,0.0,처리지연율 높음(80%) | 지연 불만 리뷰 다수(30%)
3d4824f20035949c710eaf111f869d39,0.0,지연 불만 리뷰 다수(17%)
3d39fbf22a665714baf62fae36029e23,0.0,지연 불만 리뷰 다수(17%)
5b51032eddd242adc84c38acab88f23d,0.0,부정리뷰율 높음(38%) | 지연 불만 리뷰 다수(25%)
3d2531eccfbde1d7c8db7a3a12fb267a,0.0,부정리뷰율 높음(33%)
5b67882648febfb6e1225e6ad7164f6b,0.0,부정리뷰율 높음(43%) | 지연 불만 리뷰 다수(7%)
3d0cd21d41671c46f82cd11176bf7277,0.0,처리지연율 높음(71%)
5b85809efd0d0e4dea1a9544e1280ed9,0.0,지연 불만 리뷰 다수(22%)
3ca08eeb8d5595949fed424bd3677742,0.0,지연 불만 리뷰 다수(33%)
3c4e0452bff7a2a788179488d3d77032,0.0,복합 지표 위험
3c3017960b2dbd72711a61f0400aab8f,0.0,부정리뷰율 높음(33%) | 지연 불만 리뷰 다수(17%)
3c010235b7345c92f125d14ee232a76b,0.0,처리지연율 높음(80%) | 지연 불만 리뷰 다수(20%)
001cca7ae9ae17fb1caed9dfb1094831,0.0,지연 불만 리뷰 다수(28%)
93dc87703c046b603023e75222018b45,0.0,처리지연율 높음(85%) | 지연 불만 리뷰 다수(15%)
7bac63f6603d382cc8d0832eb6c100a8,0.0,지연 불만 리뷰 다수(12%)
d4f117125b59ce73c3302f88ee40c458,0.0,지연 불만 리뷰 다수(25%)
d7485b33791774c36108f8c69602d48d,0.0,복합 지표 위험
d6ab728cf30867cf3f1a2e216ae2f9b7,0.0,지연 불만 리뷰 다수(18%)
d66c11a9572221d92fbb8c4897db5f9b,0.0,지연 불만 리뷰 다수(8%)
d624126b9206f595fb3fbb6ba03b28a8,0.0,부정리뷰율 높음(40%) | 지연 불만 리뷰 다수(20%)
d594982fd877af63ace38ea1fca27c76,0.0,처리지연율 높음(60%) | 지연 불만 리뷰 다수(20%)
d51e0a403fe2e689ece6c73359d96e12,0.0,복합 지표 위험
d4ffeb15b67e81ff9af2b4252d99fb7e,0.0,지연 불만 리뷰 다수(14%)
d4e4b5192cba4e0e66eb12a9d347239d,0.0,처리지연율 높음(50%) | 지연 불만 리뷰 다수(12%)
d197aa8fbc64087f61984deef05f6227,0.0,처리지연율 높음(50%)
d4910f1cdcfdabd48d6b316e395d4a23,0.0,지연 불만 리뷰 다수(27%)
d3674f271c91f824f82d24d92011f669,0.0,복합 지표 위험
d354c38a7182125a748cb10474fe963b,0.0,처리지연율 높음(57%) | 지연 불만 리뷰 다수(43%)
d2e753bb80b7d4faa77483ed00edc8ca,0.0,처리지연율 높음(50%) | 지연 불만 리뷰 다수(33%)
d29ba1220fb8634fa3a107e54497b8a4,0.0,부정리뷰율 높음(67%) | 지연 불만 리뷰 다수(17%)
d25aa0aaacb370e912f8cf6efeba38b3,0.0,지연 불만 리뷰 다수(12%)
d1c7fa84e48cfa21a0e595167c1c500e,0.0,지연 불만 리뷰 다수(14%)
d8c7ba53e7e38711eaef8c2849d6d2e1,0.0,지연 불만 리뷰 다수(7%)
d93844a9c55ba7ce353388bcf849ea56,0.0,처리지연율 높음(82%)
d94ba08b99bedd6a5f6c875ecc4a6fac,0.0,지연 불만 리뷰 다수(57%)
d97df38225e5abadaff1e72cb72b823c,0.0,지연 불만 리뷰 다수(14%)
e06f09ec0a4aca210779cf1cfc63cf19,0.0,처리지연율 높음(62%) | 지연 불만 리뷰 다수(12%)
dfc475d54e1b6dbeeb7d7d9bdaa63827,0.0,처리지연율 높음(87%)
df91910b6a03bb2e3358fa6a35e32f6f,0.0,지연 불만 리뷰 다수(27%)
df56d7b40d437f88407c5f78b63bc328,0.0,지연 불만 리뷰 다수(29%)
de9727ca376d1be6ec121b110aa7954c,0.0,부정리뷰율 높음(40%) | 지연 불만 리뷰 다수(50%)
de0c78824586e9a5f5f04fd84e25df39,0.0,복합 지표 위험
ddd51ae8cda92f3995a51fc0f0f3eec7,0.0,지연 불만 리뷰 다수(6%)
dbdd0ec73a4817971d962698f2fea022,0.0,지연 불만 리뷰 다수(11%)
db46ca7bce82b11f7e247539271fc390,0.0,복합 지표 위험
daf565f087a52def0fd5c5825b3661bc,0.0,부정리뷰율 높음(33%) | 지연 불만 리뷰 다수(33%)
daeb5653dd96c1b11860f72209795012,0.0,지연 불만 리뷰 다수(14%)
dace965ca58120f92f8d742a9fa1864b,0.0,지연 불만 리뷰 다수(29%)
da7039f29f90ce5b4846ffc0fcc93beb,0.0,복합 지표 위험
da6a60cc8cc724fe51be021ff8be779c,0.0,지연 불만 리뷰 다수(10%)
d9e8c084b68fe958861d8f2c21202e6b,0.0,처리지연율 높음(78%) | 지연 불만 리뷰 다수(11%)
d1b9d4be4b6f9ebd85f8acd6745ba612,0.0,처리지연율 높음(56%) | 지연 불만 리뷰 다수(11%)
d1582f4043306e6b91afa6a8a884f898,0.0,복합 지표 위험
e0eabded302882513ced4ea3eb0c7059,0.0,지연 불만 리뷰 다수(60%)
c840d3fdbba0790404fdae73d253b253,0.0,지연 불만 리뷰 다수(38%)
ca4b77513ac2040591b0d8fae6958380,0.0,지연 불만 리뷰 다수(17%)
c8e135e7b21ecbc36c1153a29d2f5a06,0.0,지연 불만 리뷰 다수(14%)
c8cc60ffd415254af5d9b9f34f32c369,0.0,지연 불만 리뷰 다수(33%)
c8c1bea22194a4eefa2dc9a9fa89f536,0.0,지연 불만 리뷰 다수(29%)
c8b3445d737de6befde0c88ede534a5e,0.0,지연 불만 리뷰 다수(29%)
c89cf7c468a48af70aada384e722f9e2,0.0,지연 불만 리뷰 다수(14%)
c84592044b180dec206770c38603814b,0.0,지연 불만 리뷰 다수(18%)
c7fdb77fdbff3c41981bc52f787e959e,0.0,처리지연율 높음(50%) | 지연 불만 리뷰 다수(33%)
d101c6da914ae3d53f7bee42283f2fe2,0.0,지연 불만 리뷰 다수(14%)
c7a0a13cbcf29d5ce51c8f80afdc0b89,0.0,처리지연율 높음(67%) | 지연 불만 리뷰 다수(17%)
c794dab4928dd97beb41d05514441e86,0.0,복합 지표 위험
c70a353f02429c00775a46a75fb787da,0.0,지연 불만 리뷰 다수(40%)
c679fb69a36e1d8349e8c50a217b4d58,0.0,처리지연율 높음(100%)
c5f7feb04a6a1fb3596322bfc3cf1917,0.0,지연 불만 리뷰 다수(14%)
c5f7e746b7e6d07def6c0dae9903279b,0.0,지연 불만 리뷰 다수(10%)
c5e60e39c0f42b8e827daa13cff74afa,0.0,부정리뷰율 높음(43%) | 지연 불만 리뷰 다수(43%)
ca7c6bd577e559472af1c699de9e764e,0.0,복합 지표 위험
cac63f48c38cd7d002a7e846dcd99a23,0.0,지연 불만 리뷰 다수(44%)
cac876b37d3abcd6bd76caca30277996,0.0,지연 불만 리뷰 다수(21%)
cb6c9f5888a7a090c75beaf615925792,0.0,부정리뷰율 높음(38%) | 지연 불만 리뷰 다수(25%)
d0d70d21e2234dd7cd3cf63fe414148a,0.0,처리지연율 높음(50%) | 지연 불만 리뷰 다수(12%)
d06d019f72a04e5497a0b64190af170c,0.0,지연 불만 리뷰 다수(11%)
d03698c2efd04a549382afa6623e27fb,0.0,지연 불만 리뷰 다수(27%)
cfe94489ddd337d1e29e12f2a7205d10,0.0,지연 불만 리뷰 다수(12%)
cfd7ddab722b902f7ac5b5f3ba6d723d,0.0,지연 불만 리뷰 다수(44%)
cfa5ab0e4d3fc212fd0b3410e7081c62,0.0,지연 불만 리뷰 다수(20%)
ce69a8021d18961dd2a40269b7c2c293,0.0,지연 불만 리뷰 다수(17%)
ce616e1913288884e7742faac9d981db,0.0,지연 불만 리뷰 다수(11%)
cda598c48d7c614bc1cad7d8ff6f0010,0.0,부정리뷰율 높음(38%) | 지연 불만 리뷰 다수(12%)
cd3d09fbe6e3e9ff0c0ac0c300e93ae7,0.0,복합 지표 위험
ccf8813e5a7d6c84d865cd38bfc2b130,0.0,지연 불만 리뷰 다수(15%)
ccb83a794700270fde70898fe9ff368b,0.0,처리지연율 높음(50%) | 지연 불만 리뷰 다수(12%)
cc3d14116804f7209f3884f6367f1152,0.0,지연 불만 리뷰 다수(12%)
cbf09e831b0c11f6f23ffb51004db972,0.0,지연 불만 리뷰 다수(12%)
cb9fb4ca75d7ba8437480e8dde64fe98,0.0,지연 불만 리뷰 다수(50%)
e0878efa0e0b7e5313ac0b43bc04c081,0.0,부정리뷰율 높음(33%) | 지연 불만 리뷰 다수(22%)
e1dc0754bada9ee4cfe9713f22f61292,0.0,복합 지표 위험
7c1fea10b5b006671d608b1d7c446ec4,0.0,복합 지표 위험
f4a04f7be452aa3bb31760bf00055dd0,0.0,처리지연율 높음(60%) | 지연 불만 리뷰 다수(20%)
f61c63d13f7cd800549d5acdd390ae72,0.0,처리지연율 높음(64%) | 지연 불만 리뷰 다수(18%)
f615fe7efbef0f4f08fd3086bc7a3e60,0.0,지연 불만 리뷰 다수(14%)
f5f46307a4d15880ca14fab4ad9dfc9b,0.0,부정리뷰율 높음(33%) | 지연 불만 리뷰 다수(17%)
f5f2ab9bdb6b30c14c61be68c5ed37da,0.0,지연 불만 리뷰 다수(23%)
f5b44895715ddfe3087dc414f30268f3,0.0,처리지연율 높음(80%) | 지연 불만 리뷰 다수(30%)
f52c2422904463fdd7741f99045fecb6,0.0,지연 불만 리뷰 다수(36%)
f4db9b37944bcb8873e6b456ee190bbf,0.0,지연 불만 리뷰 다수(14%)
f44b6f775a2b390380e0e30b5c9d3eee,0.0,처리지연율 높음(50%) | 지연 불만 리뷰 다수(12%)
f12d3c2a14729ae461b920c11fe20fdc,0.0,지연 불만 리뷰 다수(38%)
f435898e493ba0356019a0b1cb8b55b1,0.0,지연 불만 리뷰 다수(14%)
f3c38ab652836d21de61fb8314b69182,0.0,복합 지표 위험
f35becee938e982bd615edf8ef12bcfb,0.0,지연 불만 리뷰 다수(20%)
f35b3c613c4f7b2275f4185d0a3c59ec,0.0,처리지연율 높음(80%) | 지연 불만 리뷰 다수(20%)
f326006815956455b2859abd58fe7e39,0.0,지연 불만 리뷰 다수(8%)
f22a247b79dd22ecd91dc8e3b2a1b07c,0.0,지연 불만 리뷰 다수(33%)
f205b1a3ca9a34e0f8a228bae6e4c7b3,0.0,지연 불만 리뷰 다수(29%)
f63d8f293af3a6454377546bd9dd19ff,0.0,복합 지표 위험
f7496d659ca9fdaf323c0aae84176632,0.0,처리지연율 높음(87%)
f8201cab383e484733266d1906e2fdfa,0.0,지연 불만 리뷰 다수(50%)
f918546be4bec7104d117789ba758b2b,0.0,지연 불만 리뷰 다수(15%)
ffad1e7127fb622cb64a900751590acd,0.0,지연 불만 리뷰 다수(18%)
ffa6adafb71b807dc13159e26431354c,0.0,부정리뷰율 높음(30%) | 지연 불만 리뷰 다수(30%)
ff69aa92bb6b1bf9b8b7a51c2ed9cf8b,0.0,지연 불만 리뷰 다수(25%)
ff4e2d38692ce827b1a4f4b8196e680d,0.0,처리지연율 높음(67%) | 지연 불만 리뷰 다수(17%)
ff1e15b778c700abdd4d239b81ac466d,0.0,처리지연율 높음(50%)
fe49ee029e61e789a1f3a5525f57ba8d,0.0,처리지연율 높음(60%) | 지연 불만 리뷰 다수(10%)
fe1bbc5feda5c8979a8a1b3b2512d5a6,0.0,부정리뷰율 높음(33%) | 지연 불만 리뷰 다수(17%)
fe1b067411b8c5066e962aa146ccee03,0.0,지연 불만 리뷰 다수(25%)
fcdd820084f17e9982427971e4e9d47f,0.0,부정리뷰율 높음(38%)
fbc14c0cf93505ef89f64665ffa4a7b5,0.0,지연 불만 리뷰 다수(9%)
fb3cfbc8a86f5d7fbb4d36b8df63f60d,0.0,부정리뷰율 높음(50%)
fa14641f57b655e933124a9ea49cd7a5,0.0,복합 지표 위험
f9ec7093df3a7b346b7bcf7864069ca3,0.0,복합 지표 위험
f97e2b0650c2068227e1d366140eb62f,0.0,처리지연율 높음(91%) | 지연 불만 리뷰 다수(9%)
f9244d45189d3a3605499abddeade7d5,0.0,처리지연율 높음(67%) | 지연 불만 리뷰 다수(47%)
f1fd5ab1181f827ffad998c1a5de7d74,0.0,지연 불만 리뷰 다수(17%)
f125f3a310c2e5f822d116147de1e474,0.0,지연 불만 리뷰 다수(12%)
e250d617a0ad591ba9bd663e584a895d,0.0,부정리뷰율 높음(46%)
e601b04acf48b4576e73ddca9481f0dc,0.0,지연 불만 리뷰 다수(33%)
e7f3bf1ecd8526eb7f3b18059e6716e5,0.0,지연 불만 리뷰 다수(14%)
e7df4cd29ab5abab70fb0783ddb53987,0.0,지연 불만 리뷰 다수(14%)
e6a69c4a27dfdd98ffe5aa757ad744bc,0.0,지연 불만 리뷰 다수(40%)
e644cbadf7eeb30d0d29f335ce7d52ec,0.0,지연 불만 리뷰 다수(14%)
e63e8bfa530fb16910dd6956e592bb81,0.0,지연 불만 리뷰 다수(29%)
e627629ba868740e287800f1a9be81c2,0.0,복합 지표 위험
e603cf3fec55f8697c9059638d6c8eb5,0.0,지연 불만 리뷰 다수(11%)
e58a5b390e28abc0b216cfb0e07d27d7,0.0,지연 불만 리뷰 다수(29%)
f0e103c63864d5405b958d984b6e94c9,0.0,지연 불만 리뷰 다수(25%)
e5475dcab1e07b63d7f6e902d8f5eda8,0.0,부정리뷰율 높음(30%) | 지연 불만 리뷰 다수(20%)
e48b04bf1aa1ef711caebeb7aede6180,0.0,지연 불만 리뷰 다수(15%)
e45edf75f568ed2f93f78d060e246e25,0.0,복합 지표 위험
e3a386fc36e22064434e1fa256f6a9fa,0.0,지연 불만 리뷰 다수(45%)
e38db885400cd35c71dfd162f2c1dbcf,0.0,지연 불만 리뷰 다수(36%)
e2c92f9c1c7746d899d18f2e158bbff7,0.0,지연 불만 리뷰 다수(18%)
e256a62e0ac58c0edfba09966142d561,0.0,지연 불만 리뷰 다수(10%)
e83c76265fc54bf41eac728805e4da77,0.0,부정리뷰율 높음(33%) | 지연 불만 리뷰 다수(17%)
e84ad2127668df3aafc6b73531a0beb8,0.0,지연 불만 리뷰 다수(6%)
e88c9b79e592e370d6bd852eeefbf057,0.0,지연 불만 리뷰 다수(38%)
e89c4adbe7b1d0819dbb636e16461cf1,0.0,처리지연율 높음(50%) | 지연 불만 리뷰 다수(14%)
f0837c8d71434931d9e38e7b79234797,0.0,지연 불만 리뷰 다수(27%)
ef9952469137ff190bacafe117f51537,0.0,복합 지표 위험
ef30892870c278497523264be1be2241,0.0,복합 지표 위험
eed78ac17f7f795a19a709745f00cd4e,0.0,부정리뷰율 높음(48%)
edf96ef93ed595084bbcbd9224bd2894,0.0,처리지연율 높음(57%) | 지연 불만 리뷰 다수(7%)
ed8cb7b190ceb6067227478e48cf8dde,0.0,부정리뷰율 높음(62%) | 지연 불만 리뷰 다수(25%)
ed4311e67debd72b8610a5347a743087,0.0,지연 불만 리뷰 다수(21%)
ec80e49e69745ab6c14f984bf2149423,0.0,지연 불만 리뷰 다수(22%)
eb72802c83dc7547529c9546d1a9b8ef,0.0,지연 불만 리뷰 다수(20%)
eb4df17aed01d918c65f0f8d650900c0,0.0,처리지연율 높음(50%)
eb3071b9f0b0ddaa2df5ea130f09f26b,0.0,지연 불만 리뷰 다수(25%)
ea6b12bf9ffe2bac34602ec631d97a47,0.0,처리지연율 높음(100%) | 지연 불만 리뷰 다수(22%)
e96498ed8daaa3e9c23f7a62da76591c,0.0,지연 불만 리뷰 다수(36%)
e8f6dc8e6a1dcde89d20e3995c8d90b3,0.0,부정리뷰율 높음(47%) | 지연 불만 리뷰 다수(12%)
e8dba4d70f7f2b20e775d09cae01142d,0.0,복합 지표 위험
c54679b132454625907c773d273d4126,0.0,지연 불만 리뷰 다수(29%)
c510bc1718f0f2961eaa42a23330681a,0.0,지연 불만 리뷰 다수(25%)
c4fabeea6e569d42d02993bb1f4f1cbc,0.0,처리지연율 높음(86%)
94b9108d4b637ba65bb4f1e53cfcf8d8,0.0,처리지연율 높음(83%) | 지연 불만 리뷰 다수(17%)
989becdce12ebc39863c2bceab6f3ca1,0.0,지연 불만 리뷰 다수(40%)
985c92cc412091f8529c12d7f23d3fef,0.0,지연 불만 리뷰 다수(12%)
980640c45d7a4635885491d077167e4d,0.0,지연 불만 리뷰 다수(10%)
977f9f63dd360c2a32ece2f93ad6d306,0.0,지연 불만 리뷰 다수(25%)
97512d3fc193b2d1dfcdba0f9d1f0f8a,0.0,지연 불만 리뷰 다수(18%)
968268a686aa05d1f529fb07dff08130,0.0,처리지연율 높음(50%) | 지연 불만 리뷰 다수(12%)
9596c870880d900012f2e8e6e30d06d7,0.0,부정리뷰율 높음(33%) | 지연 불만 리뷰 다수(44%)
2745f798279e0ed033addcc1474776d7,0.0,지연 불만 리뷰 다수(18%)
8c5e007d7bd5693fa1386ffefbc99f6c,0.0,처리지연율 높음(92%) | 지연 불만 리뷰 다수(31%)
93b9a99027bd8bd6af682aff18dd19bf,0.0,처리지연율 높음(73%) | 지연 불만 리뷰 다수(27%)
921323538c9f1c4e816f2720eac02bea,0.0,지연 불만 리뷰 다수(50%)
916c9de0b5ad957346eeeb12f332687e,0.0,지연 불만 리뷰 다수(6%)
8f54d64f28a993550aa7943f12572959,0.0,부정리뷰율 높음(50%) | 지연 불만 리뷰 다수(25%)
8ed8ea9a57c862f2c18c2fe41f601d56,0.0,지연 불만 리뷰 다수(10%)
8e2b3afb420011ef0c88c9d5f11ea526,0.0,부정리뷰율 높음(30%) | 지연 불만 리뷰 다수(30%)
8daab2245ebdc277c51098d01c5ad8ef,0.0,지연 불만 리뷰 다수(45%)
9906e7aa42a3c067b7c9a564d01c4320,0.0,부정리뷰율 높음(33%) | 지연 불만 리뷰 다수(8%)
9a1aea68d3efa00862ec88c0768037d0,0.0,지연 불만 리뷰 다수(14%)
9a84ba99f5367fdbd4598363496f1ea2,0.0,부정리뷰율 높음(38%) | 지연 불만 리뷰 다수(23%)
9aa388272ee334b6ae07bc73706e254a,0.0,지연 불만 리뷰 다수(14%)
a1bea7061f61f6fdd9a85a6325ba1033,0.0,복합 지표 위험
a1544b9ea0b2390e020537d4daa89049,0.0,지연 불만 리뷰 다수(50%)
a06c8ff043abea0528ee44171e2140a2,0.0,복합 지표 위험
a066df7361163e7ddc5d7452dd17448b,0.0,복합 지표 위험
a0415d9b25ede3c4b1e477e9916ffc03,0.0,지연 불만 리뷰 다수(14%)
9f50216bfd01913736a55a11b55ea842,0.0,지연 불만 리뷰 다수(25%)
9e6967d3cf386d284251784b18ccb485,0.0,지연 불만 리뷰 다수(22%)
9df5750209b83567ec144eb299d7d634,0.0,처리지연율 높음(50%) | 지연 불만 리뷰 다수(17%)
9d7a1d34a5052409006425275ba1c2b4,0.0,처리지연율 높음(50%) | 부정리뷰율 높음(42%) | 지연 불만 리뷰 다수(8%)
9d681c7e12db302cb261e721040dde65,0.0,지연 불만 리뷰 다수(44%)
9d5604a1f112324ad6b2aa552122e0fb,0.0,복합 지표 위험
9c7fd21e0aa159b20da593371f08ff7c,0.0,복합 지표 위험
9c690ceacd5c66731bf443ea810195cb,0.0,지연 불만 리뷰 다수(10%)
9bcdfa7b615b3abb9461d9e3ad9886ae,0.0,지연 불만 리뷰 다수(40%)
9bc484c87d79cd4874e05ca182658045,0.0,지연 불만 리뷰 다수(20%)
8ca1551acf9832a4cf467bbbac15851f,0.0,처리지연율 높음(70%) | 지연 불만 리뷰 다수(10%)
8c0de775f52fe41590b376a3b7c50f68,0.0,지연 불만 리뷰 다수(33%)
c3e1abd72a42fe690fcd89cf5720fe29,0.0,복합 지표 위험
8090490573c6c0aa343a7231ebcb8c86,0.0,지연 불만 리뷰 다수(29%)
82cb9f452fe8334df74b22d37824b431,0.0,지연 불만 리뷰 다수(21%)
82bd0703a4aefd6b599e5bfdaed378fb,0.0,지연 불만 리뷰 다수(31%)
821fb029fc6e495ca4f08a35d51e53a5,0.0,지연 불만 리뷰 다수(25%)
820cc752a266cdc6c1a1e61dd4583330,0.0,지연 불만 리뷰 다수(36%)
8185694b58b2ba6de20fd41ae608bbea,0.0,처리지연율 높음(67%)
817f85dbb65aa3e70831d90fe75cdf89,0.0,지연 불만 리뷰 다수(60%)
81783131d2a97c8d44d406a4be81b5d9,0.0,처리지연율 높음(75%) | 지연 불만 리뷰 다수(12%)
808d4348b916efa08e766ebad39f61eb,0.0,지연 불만 리뷰 다수(20%)
8bdd8e3fd58bafa48af76b2c5fd71974,0.0,복합 지표 위험
7ff588a03c2aeae4fbd23f9ae64b760d,0.0,지연 불만 리뷰 다수(45%)
7f40d06aa0b5f1aa4f41af8c0480e2ef,0.0,지연 불만 리뷰 다수(40%)
7f152321c60a266edc53af1925ef96c1,0.0,지연 불만 리뷰 다수(9%)
7ecef8194babfec876ca720714327841,0.0,처리지연율 높음(50%) | 지연 불만 리뷰 다수(17%)
7ecd59e5e20407131822c1a68ac59c1f,0.0,처리지연율 높음(83%) | 출고지연율 높음(50%)
7c5b05cbdb5542049f38d90d7815b97d,0.0,지연 불만 리뷰 다수(13%)
7c4618c82226628831613e95e9c22f44,0.0,지연 불만 리뷰 다수(33%)
83645b1645cdee8953ee54c29ceed564,0.0,복합 지표 위험
845e8036c3f7bf62099352f5ed910240,0.0,지연 불만 리뷰 다수(14%)
8476243f92442881ddd5b578975cf115,0.0,처리지연율 높음(100%) | 지연 불만 리뷰 다수(50%)
851773c885feb5e2da3b4f82bc2b17ce,0.0,복합 지표 위험
8a9260f2b0340411d6d2a56bcf4f7378,0.0,처리지연율 높음(60%)
8a2d12a90e92f012ce5226fc6592b653,0.0,지연 불만 리뷰 다수(23%)
89f69225956f951295ca4c7fb1266553,0.0,복합 지표 위험
89de2d6f23e9746ff309705b23581faa,0.0,처리지연율 높음(80%) | 부정리뷰율 높음(80%) | 지연 불만 리뷰 다수(60%)
89bc797e2e29667aa035d4368f9b7f92,0.0,처리지연율 높음(83%) | 출고지연율 높음(67%) | 지연 불만 리뷰 다수(33%)
89a51f50b8095ea78d5768f34c13a76f,0.0,지연 불만 리뷰 다수(33%)
88cf19ec1fc2c58f161aee259d57142c,0.0,지연 불만 리뷰 다수(22%)
888faa8bfb0b159c37de6d898b961c31,0.0,부정리뷰율 높음(33%) | 지연 불만 리뷰 다수(33%)
87d3c3aeb3ead335511b3ce315eb341e,0.0,부정리뷰율 높음(55%) | 지연 불만 리뷰 다수(18%)
87d30a6a0cbf89356e49324971ab1d24,0.0,지연 불만 리뷰 다수(10%)
86ff3eaef0267069cc891a2ed9d10a17,0.0,복합 지표 위험
863d2ebcd347ce4922de7a0f9a5581d6,0.0,복합 지표 위험
8629c241b3622ac12cd4118afdc8d394,0.0,복합 지표 위험
8602a61d680a10a82cceeeda0d99ea3d,0.0,지연 불만 리뷰 다수(10%)
85cc55e048b6bcc90c75afe7f0e72f72,0.0,복합 지표 위험
a254c682cc01e119f83530446f1df9a9,0.0,지연 불만 리뷰 다수(17%)
a2b5b6105ea5942300631d2e76f4ffe0,0.0,복합 지표 위험
a2deecd5398f5df4987110c80a1972a3,0.0,지연 불만 리뷰 다수(42%)
b83cedfb587e7911540e3f576d6917ce,0.0,지연 불만 리뷰 다수(7%)
bb135baca94c82fcb731335ad5b04a03,0.0,부정리뷰율 높음(68%)
baa49d93c8c8841e27400a300f5d74b2,0.0,지연 불만 리뷰 다수(40%)
ba5daa4041e1f15cdf34b76e3e18a450,0.0,지연 불만 리뷰 다수(8%)
b9ca8e8baa5d4aa038394a700f63e69f,0.0,지연 불만 리뷰 다수(22%)
b94cc9f10ddc85e4ba73a6f7974e7101,0.0,지연 불만 리뷰 다수(44%)
b87a7ea0c30fad2dd6781b74a0064859,0.0,지연 불만 리뷰 다수(17%)
b8578d2d823bd8e251f6fdd02b40902d,0.0,지연 불만 리뷰 다수(11%)
b81e3a6c866a764974fe849821abeebd,0.0,지연 불만 리뷰 다수(9%)
a369d693961cb93b61ca2cc518872a85,0.0,처리지연율 높음(71%) | 지연 불만 리뷰 다수(14%)
b8114f2f589a6804810f04f99b36b498,0.0,지연 불만 리뷰 다수(12%)
b7ed9fb14c8eadb37adb9c45d67ab0fb,0.0,처리지연율 높음(71%) | 부정리뷰율 높음(43%) | 지연 불만 리뷰 다수(43%)
b6e1504972665f739dec4facb9943775,0.0,지연 불만 리뷰 다수(29%)
b64d51f0435e884e8de603b1655155ae,0.0,지연 불만 리뷰 다수(6%)
b5e3e38609125694d2ea2417522a60b7,0.0,복합 지표 위험
b586cd24c010a13916af621b0325fbba,0.0,복합 지표 위험
b4f8921fcc4ff77b66bea6dda43dcd51,0.0,지연 불만 리뷰 다수(12%)
bba3293d6f5d5af2f415e004e8b93ae3,0.0,지연 불만 리뷰 다수(30%)
bba74270a87732727b5a3b4fd9ac1c39,0.0,부정리뷰율 높음(44%) | 지연 불만 리뷰 다수(56%)
bbaff50f3b708fda865918715276cd87,0.0,지연 불만 리뷰 다수(17%)
bbf9ad41dca6603e614efcdad7aab8c4,0.0,지연 불만 리뷰 다수(22%)
c35672b10ad50968f567ea3f4b91e877,0.0,지연 불만 리뷰 다수(18%)
c33a5c3c983090c8b78a28e65052a20d,0.0,지연 불만 리뷰 다수(43%)
c2d70ce2c5d0a2eb75e78668236e6dc8,0.0,복합 지표 위험
c157bdeedcbc9a8e3c8bf0d87ff24428,0.0,처리지연율 높음(50%) | 지연 불만 리뷰 다수(20%)
c03121937e54a93fcc1825c3098bbb6e,0.0,처리지연율 높음(50%) | 지연 불만 리뷰 다수(17%)
c0098efcf800861dcae589affca31408,0.0,지연 불만 리뷰 다수(43%)
bff9deb0ec77d437f3305a79cf25529e,0.0,지연 불만 리뷰 다수(20%)
be8e909810184b9b19e886129149d8e5,0.0,지연 불만 리뷰 다수(20%)
bdf0d02d36a1d839d0c39c4a887cdd49,0.0,지연 불만 리뷰 다수(29%)
bd697db56ff8e7c9cd1abeb7f72029b2,0.0,지연 불만 리뷰 다수(13%)
bd4431c1a8dfa744b59e1e2a8bc99b9e,0.0,복합 지표 위험
bce6a5ecf98e99fd2a8868b15c51f04b,0.0,처리지연율 높음(64%) | 지연 불만 리뷰 다수(18%)
bccf933e006e9b94a6184af782963e77,0.0,지연 불만 리뷰 다수(19%)
bc2ac6b95e1accce9858528ee566c17e,0.0,지연 불만 리뷰 다수(13%)
bc07d855eac23aab5ac8a120f21d16b2,0.0,복합 지표 위험
b494891378bd8f4560abe576c52deacd,0.0,지연 불만 리뷰 다수(7%)
b3f19518fcec265b2e97af287725f981,0.0,복합 지표 위험
b347677812ea483b0f528eaf8cbc09b7,0.0,지연 불만 리뷰 다수(25%)
ae45df84722b1d15c5f32b23a095746c,0.0,지연 불만 리뷰 다수(33%)
ad97a199236354e53fcd91a5a913e9a2,0.0,처리지연율 높음(60%) | 지연 불만 리뷰 다수(40%)
ad87df7699e83b8a91822a4a0b765c3a,0.0,부정리뷰율 높음(50%) | 지연 불만 리뷰 다수(17%)
acadd4d36859671cb635527c6c977533,0.0,처리지연율 높음(62%)
ac6417315ae5da8f9a38ee11de6f7780,0.0,복합 지표 위험
abbf6046bbdf1028606a5bc7f00c99e7,0.0,처리지연율 높음(50%)
aac51c486b672a9850d59f3e84b1cf88,0.0,지연 불만 리뷰 다수(8%)
a938325a4b357fd23a6a4d5bb126408e,0.0,복합 지표 위험
a8739afb32aaa45e01815ca76f76f54b,0.0,부정리뷰율 높음(46%) | 지연 불만 리뷰 다수(31%)
a6bd7d1ccdac48c6b33b28596b7eb122,0.0,처리지연율 높음(57%) | 출고지연율 높음(57%) | 지연 불만 리뷰 다수(29%)
a478c7961d6a992065b24e63b366f90b,0.0,복합 지표 위험
a44fb5a447105f8469bdf16bf9159f25,0.0,지연 불만 리뷰 다수(33%)
a425f92c199eb576938df686728acd20,0.0,처리지연율 높음(100%)
a3f0b55de503387383c7b1de3ad7f678,0.0,지연 불만 리뷰 다수(25%)
a37c340b91cb0169e8b029db6440fba2,0.0,처리지연율 높음(60%)
a36b125ac6d5fdbc7f50de85c9157bdc,0.0,지연 불만 리뷰 다수(17%)
ade45994b717ccee333492330fbf037b,0.0,지연 불만 리뷰 다수(12%)
ae7ab174effdead6c241e547e4ca13f0,0.0,처리지연율 높음(50%) | 부정리뷰율 높음(33%) | 지연 불만 리뷰 다수(33%)
b33aaadd1a8891d2dfef0c4c3bdf0371,0.0,지연 불만 리뷰 다수(11%)
ae8bfdbf1c2a2a2dee92d799db0a31c6,0.0,지연 불만 리뷰 다수(29%)
b2eecf5ea250510da76590ca79d60e5d,0.0,지연 불만 리뷰 다수(17%)
b2c97074649f92197d9387d9033dda5f,0.0,지연 불만 리뷰 다수(14%)
b2ac621f0d0322434d04a12b078b9369,0.0,복합 지표 위험
b2a6d334e2833acea353624840e25a0e,0.0,지연 불만 리뷰 다수(17%)
b29d3380981c51df13fc6fbe87e1763d,0.0,지연 불만 리뷰 다수(29%)
b274baf5bbd142410eb2958cf685d684,0.0,부정리뷰율 높음(40%)
b248792ac0b60ec3f93d80af1b4fae47,0.0,지연 불만 리뷰 다수(14%)
b1fecf4da1fa2689bccffa0121953643,0.0,지연 불만 리뷰 다수(27%)
b1aaae6b66ad3c40f54b389d7ea4bee0,0.0,지연 불만 리뷰 다수(31%)
b16d3dadc47d4eb18be3d88bad0775ce,0.0,복합 지표 위험
b127efdabeffb5d559349c7b172eb75d,0.0,복합 지표 위험
b1204cfda1d4948679db3cfc0d3cb95c,0.0,지연 불만 리뷰 다수(40%)
b0f2a6122a90a93eb03e68653dd960e3,0.0,처리지연율 높음(67%)
b080809eaacb49e5ca07290981472431,0.0,지연 불만 리뷰 다수(20%)
afa6714acee029b2dfdf357e5579cc03,0.0,부정리뷰율 높음(30%) | 지연 불만 리뷰 다수(10%)
28405831a29823802aa22c084cfd0649,0.0,처리지연율 높음(83%) | 지연 불만 리뷰 다수(17%)
09bad886111255c5b5030314fc7f1a4a,0.0,지연 불만 리뷰 다수(40%)
270297ead4c65a6cd2593960d2af6b21,0.0,부정리뷰율 높음(55%) | 지연 불만 리뷰 다수(36%)
5d0363b33554b373851fc1622e4d5f3c,0.0,처리지연율 높음(63%) | 지연 불만 리뷰 다수(12%)
602044f2c16190c2c6e45eb35c2e21cb,0.0,부정리뷰율 높음(37%) | 지연 불만 리뷰 다수(21%)
5f5b43b2bffa8656e4bc6efeb13cc649,0.0,지연 불만 리뷰 다수(21%)
5f3ae9136c875522250f8184f253413a,0.0,지연 불만 리뷰 다수(26%)
5f2684dab12e59f83bef73ae57724e45,0.0,부정리뷰율 높음(37%) | 지연 불만 리뷰 다수(20%)
5f1dc28029d2c244352a68107ec2b542,0.0,지연 불만 리뷰 다수(14%)
5dceca129747e92ff8ef7a997dc4f8ca,0.0,지연 불만 리뷰 다수(26%)
5d3bb11474a06bdc23fb9e89f1164ee0,0.0,복합 지표 위험
5cf13accae3222c70a9cac40818ae839,0.0,지연 불만 리뷰 다수(12%)
609e1a9a6c2539919b8205cf7c4e6ff0,0.0,부정리뷰율 높음(30%) | 지연 불만 리뷰 다수(9%)
5cbbd5a299cab112b7bf23862255e43e,0.0,지연 불만 리뷰 다수(19%)
5c853bb56f70f4d14218944bae111d7a,0.0,지연 불만 리뷰 다수(33%)
5c243662ce92d84573bfaff24c3e3700,0.0,지연 불만 리뷰 다수(22%)
5b925e1d006e9476d738aa200751b73b,0.0,복합 지표 위험
5b8154610ebb21fb90eb587365e673df,0.0,지연 불만 리뷰 다수(16%)
5a93f3ab0ef4c84ed5e1b5dbf23978bc,0.0,처리지연율 높음(67%) | 지연 불만 리뷰 다수(24%)
5a8e7d5003a1f221f9e1d6e411de7c23,0.0,지연 불만 리뷰 다수(17%)
6061155addc1e54b4cfb51c1c2a32ad8,0.0,지연 불만 리뷰 다수(21%)
612170e34b97004b3ba37eae81836b4c,0.0,처리지연율 높음(70%) | 지연 불만 리뷰 다수(16%)
59b22a78efb79a4797979612b885db36,0.0,지연 불만 리뷰 다수(31%)
66922902710d126a0e7d26b0e3805106,0.0,지연 불만 리뷰 다수(13%)
6a8b085f816a1f75f92dbac6eb545f8f,0.0,지연 불만 리뷰 다수(18%)
6a8a889bde935bafa76d7848782dfaf9,0.0,지연 불만 리뷰 다수(26%)
6860153b69cc696d5dcfe1cdaaafcf62,0.0,지연 불만 리뷰 다수(11%)
671585f5a2af58b6e276bc01003c0d2b,0.0,지연 불만 리뷰 다수(11%)
670c26e0f1bf8d0576271d5cfaec6d2b,0.0,지연 불만 리뷰 다수(12%)
66dc1b1632bd6a3e508510c5b3492107,0.0,부정리뷰율 높음(32%)
669ae81880e08f269a64487cfb287169,0.0,지연 불만 리뷰 다수(25%)
65febd49fd28ec955651299159b1f527,0.0,지연 불만 리뷰 다수(10%)
620c87c171fb2a6dd6e8bb4dec959fc6,0.0,지연 불만 리뷰 다수(18%)
6560211a19b47992c3666cc44a7e94c0,0.0,지연 불만 리뷰 다수(14%)
6481e96574816ead57975da2c0f6d80d,0.0,복합 지표 위험
643214e62b870443ccbe55ab29a4dccf,0.0,지연 불만 리뷰 다수(20%)
6426d21aca402a131fc0a5d0960a3c90,0.0,지연 불만 리뷰 다수(18%)
640e21a7d01df7614a3b4923e990d40c,0.0,지연 불만 리뷰 다수(10%)
6338ea67c41078a46ad99cc009654956,0.0,처리지연율 높음(63%) | 지연 불만 리뷰 다수(11%)
624f4ece8da4aafb77699233d480f8ef,0.0,지연 불만 리뷰 다수(27%)
59fb871bf6f4522a87ba567b42dafecf,0.0,지연 불만 리뷰 다수(19%)
594f9aaa48e5bf431f011ddc5669b0d5,0.0,지연 불만 리뷰 다수(19%)
6b243f80ed07b10f0e8aa0f21a205f3c,0.0,지연 불만 리뷰 다수(24%)
4b0fdb526525f9890eb145bf1534640e,0.0,지연 불만 리뷰 다수(22%)
4e7c18b98d84e05cbae3ff0ff03846c2,0.0,지연 불만 리뷰 다수(23%)
4da0e408c99d2fdc2126dc9fce518060,0.0,복합 지표 위험
4d6d651bd7684af3fffabd5f08d12e5a,0.0,처리지연율 높음(59%) | 지연 불만 리뷰 다수(14%)
4c498c7345e89aebad651544829beca0,0.0,지연 불만 리뷰 다수(12%)
4c18691b6037662be2df78a765d98ab5,0.0,지연 불만 리뷰 다수(13%)
4c03b9dd4c11ee2cb35c96c49efc9420,0.0,지연 불만 리뷰 다수(8%)
4b9750c8ad28220fe6702d4ecb7c898f,0.0,지연 불만 리뷰 다수(13%)
4a3ccda38b2129705f3fb522db62ca31,0.0,부정리뷰율 높음(32%) | 지연 불만 리뷰 다수(12%)
50c9975695009e5e6473912e83a6d1da,0.0,처리지연율 높음(52%) | 지연 불만 리뷰 다수(21%)
4a3ca9315b744ce9f8e9374361493884,0.0,지연 불만 리뷰 다수(14%)
4992e76a42cb3aad7a7047e0d3d7e729,0.0,지연 불만 리뷰 다수(26%)
4869f7a5dfa277a7dca6462dcf3b52b2,0.0,지연 불만 리뷰 다수(19%)
48436dade18ac8b2bce089ec2a041202,0.0,처리지연율 높음(64%) | 지연 불만 리뷰 다수(17%)
4830e40640734fc1c52cd21127c341d4,0.0,지연 불만 리뷰 다수(21%)
48162d548f5b1b11b9d29d1e01f75a61,0.0,부정리뷰율 높음(33%) | 지연 불만 리뷰 다수(16%)
46dc3b2cc0980fb8ec44634e21d2718e,0.0,지연 불만 리뷰 다수(19%)
4e922959ae960d389249c378d1c939f5,0.0,지연 불만 리뷰 다수(18%)
516e7738bd8f735ac19a010ee5450d8d,0.0,지연 불만 리뷰 다수(25%)
58f1a6197ed863543e0136bdedb3fce2,0.0,처리지연율 높음(53%) | 지연 불만 리뷰 다수(17%)
55a5b51f93f2b70ea513f5a047b0262a,0.0,지연 불만 리뷰 다수(26%)
582d4f8675b945722eda7c0cb61ba4c7,0.0,지연 불만 리뷰 다수(17%)
57e632711dec9ec14ca7546769483e7e,0.0,지연 불만 리뷰 다수(19%)
57c764b4a836300be881e2ff86e449f9,0.0,지연 불만 리뷰 다수(11%)
56642bcb79900e777d68e91915cb4267,0.0,지연 불만 리뷰 다수(13%)
5656537e588803a555b8eb41f07a944b,0.0,지연 불만 리뷰 다수(16%)
562fc2f2c2863ab7e79a9e4388a58a14,0.0,지연 불만 리뷰 다수(19%)
55f7a3319d80f7fdf078b8f03e6725fe,0.0,부정리뷰율 높음(31%) | 지연 불만 리뷰 다수(12%)
54a1852d1b8f10312c55e906355666ee,0.0,지연 불만 리뷰 다수(17%)
520b493b57809f446cb0a233bb3e25c7,0.0,지연 불만 리뷰 다수(11%)
542917da124346b47ea1ac79a93ce454,0.0,처리지연율 높음(59%) | 지연 불만 리뷰 다수(6%)
537eb890efff034a88679788b647c564,0.0,지연 불만 리뷰 다수(15%)
5343d0649eca2a983820bfe93fc4d17e,0.0,지연 불만 리뷰 다수(23%)
53243585a1d6dc2643021fd1853d8905,0.0,지연 불만 리뷰 다수(14%)
530ec6109d11eaaf87999465c6afee01,0.0,지연 불만 리뷰 다수(22%)
527801b552d0077ffd170872eb49683b,0.0,지연 불만 리뷰 다수(12%)
522620dcb18a6b31cd7bdf73665113a9,0.0,지연 불만 리뷰 다수(22%)
6b15924333bd1a741595fe981ea04822,0.0,지연 불만 리뷰 다수(6%)
6b90f847357d8981edd79a1eb1bf0acb,0.0,지연 불만 리뷰 다수(21%)
4559697a8f7e637227c2eeaed843baff,0.0,지연 불만 리뷰 다수(22%)
7e1fb0a3ebfb01ffb3a7dae98bf3238d,0.0,지연 불만 리뷰 다수(17%)
80e6699fe29150b372a0c8a1ebf7dcc8,0.0,지연 불만 리뷰 다수(7%)
7f7b8245c336066a1f9933c359f11d77,0.0,처리지연율 높음(58%) | 지연 불만 리뷰 다수(13%)
7f2617c58d5d06806987308b45654351,0.0,지연 불만 리뷰 다수(24%)
7ea5bfa6c340f58f8e71fc1f0412b0d6,0.0,지연 불만 리뷰 다수(14%)
7e93a43ef30c4f03f38b393420bc753a,0.0,지연 불만 리뷰 다수(25%)
7e3f87d16fb353f408d467e74fbd8014,0.0,지연 불만 리뷰 다수(17%)
7e26c750b4cb9f6766f58265ff9ebe95,0.0,지연 불만 리뷰 다수(12%)
7ddcbb64b5bc1ef36ca8c151f6ec77df,0.0,지연 불만 리뷰 다수(26%)
8160255418d5aaa7dbdc9f4c64ebda44,0.0,지연 불만 리뷰 다수(16%)
7dc8c42cc750eeafea6c85712ffee9bf,0.0,지연 불만 리뷰 다수(18%)
7d76b645482be4a332374e8223836592,0.0,처리지연율 높음(52%) | 지연 불만 리뷰 다수(15%)
7d456afc660226829370f3173d14520c,0.0,지연 불만 리뷰 다수(12%)
7d13fca15225358621be4086e1eb0964,0.0,처리지연율 높음(60%) | 지연 불만 리뷰 다수(19%)
7b0df942f46435babab05d49b744b2c4,0.0,지연 불만 리뷰 다수(24%)
7b07b3c7487f0ea825fc6df75abd658b,0.0,지연 불만 리뷰 다수(20%)
7ade73f1b9b4e965f9009a4c3a7e2c15,0.0,지연 불만 리뷰 다수(12%)
813348c996469b40f2e028d5429d3495,0.0,부정리뷰율 높음(31%) | 지연 불만 리뷰 다수(13%)
817245bcc3badd82bbd222e0366951a6,0.0,지연 불만 리뷰 다수(31%)
7aa4334be125fcdd2ba64b3180029f14,0.0,지연 불만 리뷰 다수(11%)
86ccac0b835037332a596a33b6949ee1,0.0,지연 불만 리뷰 다수(15%)
8ae520247981aa06bc94abddf5f46d34,0.0,지연 불만 리뷰 다수(26%)
8a432f4e5b471f8da497d7dc517666e2,0.0,지연 불만 리뷰 다수(11%)
8a32e327fe2c1b3511609d81aaf9f042,0.0,부정리뷰율 높음(33%) | 지연 불만 리뷰 다수(7%)
8a130737016f838139d31878787a39c9,0.0,지연 불만 리뷰 다수(10%)
891071be6ba827b591264c90c2ae8a63,0.0,지연 불만 리뷰 다수(16%)
87142160b41353c4e5fca2360caf6f92,0.0,지연 불만 리뷰 다수(19%)
870d0118f7a9d85960f29ad89d5d989a,0.0,지연 불만 리뷰 다수(11%)
8648b1e89e9b349e32d3741b30ec737e,0.0,지연 불만 리뷰 다수(7%)
81a1104df0f08b59c68aa5b03cfe398e,0.0,지연 불만 리뷰 다수(21%)
8581055ce74af1daba164fdbd55a40de,0.0,지연 불만 리뷰 다수(24%)
850f4f8af5ea87287ac68de36e29107f,0.0,지연 불만 리뷰 다수(11%)
83e197e95a1bbabc8c75e883ed016c47,0.0,지연 불만 리뷰 다수(12%)
834f3294fba9f932f56edc879193f925,0.0,지연 불만 리뷰 다수(10%)
82e0a475a88cc9595229d8029273f045,0.0,부정리뷰율 높음(33%) | 지연 불만 리뷰 다수(36%)
822166ed1e47908f7cfb49946d03c726,0.0,복합 지표 위험
81f89e42267213cb94da7ddc301651da,0.0,부정리뷰율 높음(31%) | 지연 불만 리뷰 다수(8%)
7ad32824caee82087b3e2e5f33b1bf32,0.0,지연 불만 리뷰 다수(16%)
7a67c85e85bb2ce8582c35f2203ad736,0.0,지연 불만 리뷰 다수(19%)
6c7d50c24b3ccd2fd83b44d8bb34e073,0.0,지연 불만 리뷰 다수(10%)
701938c450705b8ae65fc923b70f35c7,0.0,지연 불만 리뷰 다수(26%)
7178f9f4dd81dcef02f62acdf8151e01,0.0,처리지연율 높음(53%) | 지연 불만 리뷰 다수(17%)
715bbd5ba4e6b74cb0d2f29eb45058b0,0.0,지연 불만 리뷰 다수(6%)
7142540dd4c91e2237acb7e911c4eba2,0.0,지연 불만 리뷰 다수(18%)
712e6ed8aa4aa1fa65dab41fed5737e4,0.0,지연 불만 리뷰 다수(53%)
70eea00b476a314817cefde4aad4f89a,0.0,지연 불만 리뷰 다수(23%)
709e16e2b25c7474d980076c6bfc4806,0.0,지연 불만 리뷰 다수(7%)
7040e82f899a04d1b434b795a43b4617,0.0,지연 불만 리뷰 다수(13%)
7008613ea464bad5cb9b83456e1e6a8f,0.0,처리지연율 높음(50%) | 지연 불만 리뷰 다수(5%)
7202e2ba20579a9bd1acb29e61fe71f6,0.0,지연 불만 리뷰 다수(18%)
6fc26fe110feebd80a433e1f012a84f9,0.0,지연 불만 리뷰 다수(14%)
6edacfd9f9074789dad6d62ba7950b9c,0.0,지연 불만 리뷰 다수(14%)
6e386f64c84e482f0b9abf960797ee1b,0.0,지연 불만 리뷰 다수(11%)
6df688df543f90e9b38f4319e75a9d88,0.0,지연 불만 리뷰 다수(14%)
6d803cb79cc31c41c4c789a75933b3c7,0.0,지연 불만 리뷰 다수(20%)
6d66611d7c44cc30ce351abc49a68421,0.0,처리지연율 높음(53%) | 지연 불만 리뷰 다수(12%)
6cd68b3ed6d59aaa9fece558ad360c0a,0.0,지연 불만 리뷰 다수(15%)
718539d38d07dd351c76db862760e2e2,0.0,지연 불만 리뷰 다수(14%)
725c32fa80c2faacc4fc88450d27314e,0.0,지연 불만 리뷰 다수(10%)
7a241947449cc45dbfda4f9d0798d9d0,0.0,지연 불만 리뷰 다수(12%)
75fbb52eda0cbc24f479d3b2fbfa8d3e,0.0,지연 불만 리뷰 다수(14%)
78c99c6dff4eeae5be99bf635ed21e3f,0.0,지연 불만 리뷰 다수(34%)
77a515caa36327151d1cc6c32a9f00e1,0.0,지연 불만 리뷰 다수(12%)
77530e9772f57a62c906e1c21538ab82,0.0,지연 불만 리뷰 다수(13%)
7722b1df1b0e383e000397b2c11e3e19,0.0,지연 불만 리뷰 다수(8%)
76d64c4aca3a7baf218bf93ef7fa768d,0.0,지연 불만 리뷰 다수(19%)
76d5af76d0271110f9af36c92573f765,0.0,지연 불만 리뷰 다수(25%)
7681ef142fd2c19048da7430856b5588,0.0,지연 불만 리뷰 다수(32%)
75d34ebb1bd0bd7dde40dd507b8169c3,0.0,지연 불만 리뷰 다수(22%)
7299e27ed73d2ad986de7f7c77d919fa,0.0,지연 불만 리뷰 다수(10%)
751bdc4d83a466c7206cd42e8f426b03,0.0,부정리뷰율 높음(47%) | 지연 불만 리뷰 다수(33%)
750303a20e9c56b2a6bc45cdce0b897d,0.0,지연 불만 리뷰 다수(22%)
744dac408745240a2c2528fb1b6028f3,0.0,지연 불만 리뷰 다수(21%)
730937bf88cb151eb2eb849f642fc213,0.0,지연 불만 리뷰 다수(30%)
72c5da29406b4234927b81855e7b64f6,0.0,지연 불만 리뷰 다수(19%)
729f06993dac8e860d4f02d7088ca48a,0.0,지연 불만 리뷰 다수(14%)
729b2d09b2a0bdab221076327f13d050,0.0,처리지연율 높음(64%) | 지연 불만 리뷰 다수(7%)
45ba18c210d42734ec52c0c1c574e9ee,0.0,복합 지표 위험
440dd6ab244315c632130ecfb63827b1,0.0,지연 불만 리뷰 다수(9%)
8b28d096634035667e8263d57ba3368c,0.0,지연 불만 리뷰 다수(20%)
1336efc61c316ddf92c899eb817f7cae,0.0,지연 불만 리뷰 다수(21%)
1771297ac436903d1dd6b0e9279aa505,0.0,지연 불만 리뷰 다수(28%)
17306570e772e7718c92a562d33f5f1d,0.0,부정리뷰율 높음(37%) | 지연 불만 리뷰 다수(5%)
165fc07beebdcb6190fba8a06db2a449,0.0,지연 불만 리뷰 다수(21%)
16090f2ca825584b5a147ab24aa30c86,0.0,지연 불만 리뷰 다수(19%)
1554a68530182680ad5c8b042c3ab563,0.0,지연 불만 리뷰 다수(16%)
14d7985702e72162bbf13b6beb74ab2b,0.0,지연 불만 리뷰 다수(15%)
138dbe45fc62f1e244378131a6801526,0.0,지연 불만 리뷰 다수(11%)
12b9676b00f60f3b700e83af21824c0e,0.0,처리지연율 높음(68%) | 지연 불만 리뷰 다수(19%)
17ca9b9e9b9ef8fdb529001b49ebb50f,0.0,지연 불만 리뷰 다수(28%)
128639473a139ac0f3e5f5ade55873a5,0.0,지연 불만 리뷰 다수(14%)
11bfa66332777660bd0640ee84d47006,0.0,지연 불만 리뷰 다수(31%)
116ccb1a1604bc88e4d234a8c23f33de,0.0,지연 불만 리뷰 다수(15%)
113e3a788b935f48aad63e1c41dac1bd,0.0,지연 불만 리뷰 다수(11%)
11305281b50fff20ae8bb473f8e11876,0.0,지연 불만 리뷰 다수(8%)
1127b7f2594683f2510f1c2c834a486b,0.0,지연 불만 리뷰 다수(11%)
0ffa40d54288e4f3499b8780dd0f144f,0.0,지연 불만 리뷰 다수(20%)
17a053fcb14bd219540cbde0df490be0,0.0,지연 불만 리뷰 다수(20%)
17e34d8224d27a541263c4c64b11a56b,0.0,지연 불만 리뷰 다수(14%)
0ed6ce5d87fd9c69eaacaeb778d67235,0.0,처리지연율 높음(62%) | 지연 불만 리뷰 다수(15%)
1b8356dabde1d35e17cef975c3f82730,0.0,지연 불만 리뷰 다수(14%)
1e8b33f18b4f7598d87f5cbee2282cc2,0.0,지연 불만 리뷰 다수(20%)
1dc2de47ee26a0a5b12dc14fd6dc0dea,0.0,처리지연율 높음(56%) | 지연 불만 리뷰 다수(39%)
1da3aeb70d7989d1e6d9b0e887f97c23,0.0,지연 불만 리뷰 다수(19%)
1d4587203296c8f4ad134dc286fa6db0,0.0,지연 불만 리뷰 다수(24%)
1ce3ae5a399804d1a87e706f8a813c3e,0.0,부정리뷰율 높음(45%) | 지연 불만 리뷰 다수(23%)
1caf283236cd69af44cbc09a0a1e7d32,0.0,지연 불만 리뷰 다수(14%)
1bb2bdb95f4841f1bba2c0d2cd83d3c9,0.0,처리지연율 높음(57%) | 지연 불만 리뷰 다수(13%)
1b4c3a6f53068f0b6944d2d005c9fc89,0.0,지연 불만 리뷰 다수(13%)
17f51e7198701186712e53a39c564617,0.0,처리지연율 높음(100%) | 지연 불만 리뷰 다수(30%)
1a3df491d1c4f1589fc2b934ada68bf2,0.0,처리지연율 높음(57%) | 지연 불만 리뷰 다수(14%)
198c7ea11960a9844b544d9bcdca860c,0.0,지연 불만 리뷰 다수(12%)
1900267e848ceeba8fa32d80c1a5f5a8,0.0,지연 불만 리뷰 다수(16%)
18e694e0e48ed6f7aa3f24aade5fd697,0.0,지연 불만 리뷰 다수(12%)
18a349e75d307f4b4cc646a691ed4216,0.0,부정리뷰율 높음(30%) | 지연 불만 리뷰 다수(17%)
1838dd9b8977065acf51d95e0053ea7a,0.0,지연 불만 리뷰 다수(21%)
1835b56ce799e6a4dc4eddc053f04066,0.0,부정리뷰율 높음(31%) | 지연 불만 리뷰 다수(14%)
0ef83d7d83ed97cd2a0049ac8be5f88a,0.0,지연 불만 리뷰 다수(14%)
0ebd97a106433a45a4aebe57c1799778,0.0,지연 불만 리뷰 다수(18%)
1f50f920176fa81dab994f9023523100,0.0,처리지연율 높음(56%) | 지연 불만 리뷰 다수(22%)
0432ead42b6c8a0bdf68154add917fdf,0.0,지연 불만 리뷰 다수(27%)
05ff92fedb5be47920fea08e501238b9,0.0,지연 불만 리뷰 다수(10%)
05f51e13da97139648b8125c31e5f51b,0.0,처리지연율 높음(65%) | 지연 불만 리뷰 다수(27%)
05d2173d43ea568aa0540eba70d2ca76,0.0,지연 불만 리뷰 다수(15%)
058fd0aa2bfdb2274e05e1ae971dabb6,0.0,복합 지표 위험
056b4ada5bbc2c50cc7842547dda6b51,0.0,지연 불만 리뷰 다수(21%)
0509040ea3fe50071181bbc359eb7738,0.0,지연 불만 리뷰 다수(12%)
048c2757535328e0d7dac690ad3c0aae,0.0,지연 불만 리뷰 다수(22%)
02f623a8eb246f3c5f7c2f96462654e6,0.0,지연 불만 리뷰 다수(9%)
06a2c3af7b3aee5d69171b0e14f0ee87,0.0,지연 불만 리뷰 다수(21%)
0241d4d5d36f10f80c644447315af0bd,0.0,지연 불만 리뷰 다수(17%)
01fdefa7697d26ad920e9e0346d4bd1b,0.0,지연 불만 리뷰 다수(17%)
01fd077212124329bac32490e8ef80d9,0.0,지연 불만 리뷰 다수(17%)
01cf7e3d21494c41fb86034f2e714fa1,0.0,지연 불만 리뷰 다수(19%)
0176f73cc1195f367f7b32db1e5b3aa8,0.0,지연 불만 리뷰 다수(16%)
00fc707aaaad2d31347cf883cd2dfe10,0.0,지연 불만 리뷰 다수(23%)
00ee68308b45bc5e2660cd833c3f81cc,0.0,지연 불만 리뷰 다수(20%)
06579cb253ecd5a3a12a9e6eb6bf8f47,0.0,지연 불만 리뷰 다수(12%)
06df0c10d34e459d9672bc77388742eb,0.0,지연 불만 리뷰 다수(9%)
0ea22c1cfbdc755f86b9b54b39c16043,0.0,지연 불만 리뷰 다수(11%)
0be8ff43f22e456b4e0371b2245e4d01,0.0,지연 불만 리뷰 다수(22%)
0df3984f9dfb3d49ac6366acbd3bbb85,0.0,지연 불만 리뷰 다수(12%)
0dd184061fb0eaa7ca37932c68ab91c5,0.0,지연 불만 리뷰 다수(20%)
0db783cfcd3b73998abc6e10e59a102f,0.0,지연 불만 리뷰 다수(15%)
0d85bbda9889ce1f7e63778d24f346eb,0.0,지연 불만 리뷰 다수(15%)
0d33a55da925bbf1ff02af5f6059fc7f,0.0,복합 지표 위험
0cbcee27c791afa0cdcb08587a2013a8,0.0,부정리뷰율 높음(47%) | 지연 불만 리뷰 다수(37%)
0c8380b62e38e8a1e6adbeba7eb9688c,0.0,지연 불만 리뷰 다수(13%)
0bae85eb84b9fb3bd773911e89288d54,0.0,지연 불만 리뷰 다수(13%)
06e5eefc71ec47ae763c5c6f8db7064f,0.0,지연 불만 리뷰 다수(12%)
0b90b6df587eb83608a64ea8b390cf07,0.0,지연 불만 리뷰 다수(16%)
0b35c634521043bf4b47e21547b99ab5,0.0,부정리뷰율 높음(44%) | 지연 불만 리뷰 다수(18%)
0adac9fbd9a2b63cccaac4f8756c1ca8,0.0,처리지연율 높음(73%) | 지연 불만 리뷰 다수(13%)
09f952a5f58d2285b0372551ae8f9b01,0.0,지연 불만 리뷰 다수(13%)
08633c14ef2db992c11f840f04fad4cd,0.0,지연 불만 리뷰 다수(17%)
080199a181c46c657dc5aa235411be3b,0.0,처리지연율 높음(50%) | 지연 불만 리뷰 다수(11%)
080102cd0a76b09e0dcf55fcacc60e05,0.0,지연 불만 리뷰 다수(17%)
1eade46fba20122dc4aefb379f8c636b,0.0,지연 불만 리뷰 다수(15%)
1f9ab4708f3056ede07124aad39a2554,0.0,지연 불만 리뷰 다수(13%)
44073f8b7e41514de3b7815dd0237f4f,0.0,지연 불만 리뷰 다수(22%)
3785b653b1b82de85ab47dd139938091,0.0,지연 불만 리뷰 다수(12%)
3ade81dab5a172b88e1871c28ae05260,0.0,지연 불만 리뷰 다수(22%)
3ab971ce71839580d2ae5b4e40fe8044,0.0,지연 불만 리뷰 다수(14%)
391fc6631aebcf3004804e51b40bcf1e,0.0,지연 불만 리뷰 다수(15%)
38e679b9e0064cd94c6f035707344dae,0.0,지연 불만 리뷰 다수(35%)
382229d1e840115ffe3dbf5ff460e417,0.0,지연 불만 리뷰 다수(8%)
381c83fdca332ea6afd896da20bf6e4a,0.0,지연 불만 리뷰 다수(6%)
37be5a7c751166fbc5f8ccba4119e043,0.0,지연 불만 리뷰 다수(18%)
376a891762bbdecbc02b4b6adec3fdda,0.0,지연 불만 리뷰 다수(15%)
3bb548e3cb7f70f28e3f11ee9dce0e59,0.0,부정리뷰율 높음(36%) | 지연 불만 리뷰 다수(36%)
3586b8580d9c917874e053a1bb37b5ff,0.0,지연 불만 리뷰 다수(15%)
3504c0cb71d7fa48d967e0e4c94d59d9,0.0,지연 불만 리뷰 다수(17%)
34d1ca11b242c0fee2c834ae8d788566,0.0,지연 불만 리뷰 다수(14%)
34056b8b55c1775a22af2331670a799c,0.0,지연 불만 리뷰 다수(11%)
33a6f4b1e7cdc205511e76ba1b6e0186,0.0,지연 불만 리뷰 다수(17%)
33a17d60c64393351ebf1ef860f4e0f2,0.0,지연 불만 리뷰 다수(11%)
3361277dc30b7cccdb0c286b24219756,0.0,지연 불만 리뷰 다수(11%)
3b15288545f8928d3e65a8f949a28291,0.0,부정리뷰율 높음(30%) | 지연 불만 리뷰 다수(23%)
3bdff180c7e1f6551a643b99c265a120,0.0,지연 불만 리뷰 다수(6%)
32b8764b4ef628b53608fc34011fcc13,0.0,지연 불만 리뷰 다수(9%)
3f995f07c49d0d55a99d5c54957f7d81,0.0,지연 불만 리뷰 다수(15%)
4371b634e0efc0e22b09b52907d9d469,0.0,지연 불만 리뷰 다수(19%)
432c37c9dfba871172ec162e20118b8c,0.0,처리지연율 높음(76%) | 지연 불만 리뷰 다수(8%)
42b729f859728f5079499127a9c2ef37,0.0,지연 불만 리뷰 다수(13%)
41b39e28db005d9731d9d485a83b4c38,0.0,지연 불만 리뷰 다수(18%)
40d54b51e962dbe09cabbcfd33298dee,0.0,복합 지표 위험
406822777a0b9eb5c50e442dd4cd3ec5,0.0,지연 불만 리뷰 다수(10%)
3fd1e727ba94cfe122d165e176ce7967,0.0,지연 불만 리뷰 다수(12%)
3f3486b61f45078d4f31ee5e43d8c5bb,0.0,복합 지표 위험
3be634553519fb6536a03e1358e9fdc7,0.0,지연 불만 리뷰 다수(13%)
3df020b72d3d44b3af9d110fa3940b65,0.0,지연 불만 리뷰 다수(11%)
3d8fa2f5b647373c8620330c4e077a9f,0.0,지연 불만 리뷰 다수(11%)
3d871de0142ce09b7081e2b9d1733cb1,0.0,지연 불만 리뷰 다수(16%)
3d5d0dc7073a299e31fa718ce1bc00b6,0.0,지연 불만 리뷰 다수(19%)
3c7c4a49ec3c6550809089c6a2ca9370,0.0,부정리뷰율 높음(32%) | 지연 불만 리뷰 다수(19%)
3c487ae8f8d7542beff5788e2e0aea83,0.0,처리지연율 높음(61%) | 지연 불만 리뷰 다수(9%)
3c03b12bab54d8b37d79d914bfdb1aa0,0.0,지연 불만 리뷰 다수(12%)
3340ef1913fb70d28420f6ceb685c339,0.0,복합 지표 위험
325f3178fb58e2a9778334621eecdbf9,0.0,지연 불만 리뷰 다수(15%)
1fe5540d7c1c37a595fefbacd5570d9e,0.0,지연 불만 리뷰 다수(22%)
23d7c96d4a1160db1c726b248601b25a,0.0,지연 불만 리뷰 다수(11%)
2709af9587499e95e803a6498a5a56e9,0.0,지연 불만 리뷰 다수(28%)
26d8a1c7c75d513045798992ead43aa2,0.0,처리지연율 높음(50%)
25e6ffe976bd75618accfe16cefcbd0d,0.0,지연 불만 리뷰 다수(15%)
25cf099de44674fde97473224f9d59ab,0.0,지연 불만 리뷰 다수(30%)
259f7b5e6e482c230e5bfaa670b6bb8f,0.0,지연 불만 리뷰 다수(14%)
2528513dd95219a6013d4d05176e391a,0.0,지연 불만 리뷰 다수(20%)
240b9776d844d37535668549a396af32,0.0,처리지연율 높음(75%) | 지연 불만 리뷰 다수(21%)
23c38debaffe4a25a30fdbd9b586a13f,0.0,지연 불만 리뷰 다수(22%)
282f23a9769b2690c5dda22e316f9941,0.0,처리지연율 높음(52%) | 지연 불만 리뷰 다수(8%)
232a6014e7b10cba61c6c2b2ea6bb4b0,0.0,지연 불만 리뷰 다수(8%)
229c3efbfb0ea2058de4ccdfbc3d784a,0.0,지연 불만 리뷰 다수(15%)
2199e7fe213c16213bf5d6a7eadc9a5d,0.0,복합 지표 위험
218d46b86c1881d022bce9c68a7d4b15,0.0,지연 불만 리뷰 다수(15%)
2138ccb85b11a4ec1e37afbd1c8eda1f,0.0,지연 불만 리뷰 다수(16%)
20d83f3ef0e6925fd74bfd59170babf7,0.0,지연 불만 리뷰 다수(17%)
20cb7c2fde3e5bf10f0bbe7394e1c6a9,0.0,복합 지표 위험
276677b5d08786d5dce7c2149dcce48b,0.0,지연 불만 리뷰 다수(15%)
289cdb325fb7e7f891c38608bf9e0962,0.0,지연 불만 리뷰 다수(20%)
323ce52b5b81df2cd804b017b7f09aa7,0.0,처리지연율 높음(72%) | 지연 불만 리뷰 다수(22%)
2e13c71026e1a39ba5cc1b86dcb679aa,0.0,처리지연율 높음(64%) | 지연 불만 리뷰 다수(32%)
31561f325664a8a7aba4c8d0c3a9b3db,0.0,지연 불만 리뷰 다수(6%)
31344c16881c08a8a72c6d2eb29918c1,0.0,지연 불만 리뷰 다수(9%)
30a2f535bb48308f991d0b9ad4a8c4bb,0.0,지연 불만 리뷰 다수(18%)
3078096983cf766a32a06257648502d1,0.0,지연 불만 리뷰 다수(21%)
2ff97219cb8622eaf3cd89b7d9c09824,0.0,지연 불만 리뷰 다수(9%)
2e90cb1677d35cfe24eef47d441b7c87,0.0,지연 불만 리뷰 다수(18%)
2e1c9f22be269ef4643f826c9e650a52,0.0,지연 불만 리뷰 다수(20%)
2d50d6282f8aa2257819a77bfaa0efe0,0.0,부정리뷰율 높음(31%) | 지연 불만 리뷰 다수(12%)
28f10b1c5e5abb9d4857745bede6147c,0.0,지연 불만 리뷰 다수(19%)
2c9e548be18521d1c43cde1c582c6de8,0.0,복합 지표 위험
2b3e4a2a3ea8e01938cabda2a3e5cc79,0.0,지연 불만 리뷰 다수(17%)
2a84855fd20af891be03bc5924d2b453,0.0,지연 불만 리뷰 다수(20%)
2a7dc43cecabf23403078e2188437d1d,0.0,지연 불만 리뷰 다수(14%)
2a6fbeaa7ab9e5d59a35841a8da71ce4,0.0,처리지연율 높음(68%) | 지연 불만 리뷰 다수(32%)
2a5b78b41cd05baeac8df54c6606b92c,0.0,지연 불만 리뷰 다수(16%)
2a261b5b644fa05f4f2700eb93544f2c,0.0,부정리뷰율 높음(33%) | 지연 불만 리뷰 다수(14%)
8b2492b7ff4468839593fafeed55bad9,0.0,부정리뷰율 높음(30%) | 지연 불만 리뷰 다수(10%)
8b321bb669392f5163d04c59e235e066,0.0,지연 불만 리뷰 다수(17%)
26d6bbee02420494d471c9f6436929c0,0.0,지연 불만 리뷰 다수(9%)
f7ba60f8c3f99e7ee4042fdef03b70c4,0.0,지연 불만 리뷰 다수(17%)
fad44952713764836814be105382aee5,0.0,지연 불만 리뷰 다수(11%)
fa40cc5b934574b62717c68f3d678b6d,0.0,지연 불만 리뷰 다수(16%)
fa1c13f2614d7b5c4749cbc52fecda94,0.0,지연 불만 리뷰 다수(22%)
f8db351d8c4c4c22c6835c19a46f01b0,0.0,지연 불만 리뷰 다수(13%)
f84fa566034f5e8e880a07ec624c56af,0.0,처리지연율 높음(62%)
f84a00e60c73a49e7e851c9bdca3a5bb,0.0,지연 불만 리뷰 다수(16%)
f7ccf836d21b2fb1de37564105216cc1,0.0,지연 불만 리뷰 다수(8%)
f789d2c4f2c2eb38fc4373e7a4b35264,0.0,지연 불만 리뷰 다수(29%)
fcb5ace8bcc92f75707dc0f01a27d269,0.0,처리지연율 높음(74%) | 지연 불만 리뷰 다수(8%)
f7720c4fa8e3aba4546301ab80ea1f1b,0.0,지연 불만 리뷰 다수(9%)
f680f85bee2d253556ac91be391d2c82,0.0,지연 불만 리뷰 다수(9%)
f67efa3f0b6761102a7f8c6b7b571f5d,0.0,지연 불만 리뷰 다수(12%)
f62d7bb4a613ec758a03342d46b580b2,0.0,처리지연율 높음(89%) | 지연 불만 리뷰 다수(21%)
f5a590cf36251cf1162ea35bef76fe84,0.0,지연 불만 리뷰 다수(12%)
f457c46070d02cadd8a68551231220dd,0.0,지연 불만 리뷰 다수(26%)
f45122a9ab94eb4f3f8953578bc0c560,0.0,지연 불만 리뷰 다수(19%)
fc906263ca5083d09dce42fe02247800,0.0,지연 불만 리뷰 다수(12%)
fd386aa7bed2af3c7035c65506c9b4a3,0.0,지연 불만 리뷰 다수(17%)
f3b80352b986ab4d1057a4b724be19d0,0.0,지연 불만 리뷰 다수(24%)
013900e863eace745d3ec7614cab5b1a,0.0,지연 불만 리뷰 다수(25%)
034b9387752bfa309f350a70cd45ffa3,0.0,처리지연율 높음(60%) | 지연 불만 리뷰 다수(20%)
02f5837340d7eb4f653d676c7256523a,0.0,지연 불만 리뷰 다수(43%)
02ecc2a19303f05e59ce133fd923fff7,0.0,지연 불만 리뷰 다수(11%)
02dcd3e8e25bee036e32512bcf175493,0.0,처리지연율 높음(89%) | 지연 불만 리뷰 다수(22%)
02c988090b766852e088c69d7fb3b551,0.0,지연 불만 리뷰 다수(40%)
01c97ebb5cdac52891c0ed1c37ba0012,0.0,부정리뷰율 높음(30%)
014d9a685fd57276679edd00e07089e5,0.0,지연 불만 리뷰 다수(11%)
002100f778ceb8431b7a1020ff7ab48f,0.0,부정리뷰율 높음(44%) | 지연 불만 리뷰 다수(11%)
fdb9095204a334cd8872252ffec6f2db,0.0,지연 불만 리뷰 다수(9%)
fffd5413c0700ac820c7069d66d98c89,0.0,지연 불만 리뷰 다수(12%)
ffc470761de7d0232558ba5e786e57b7,0.0,지연 불만 리뷰 다수(14%)
ff1fb4c404b2efe68b03350a8dc24122,0.0,부정리뷰율 높음(32%) | 지연 불만 리뷰 다수(30%)
ff063b022a9a0aab91bad2c9088760b7,0.0,지연 불만 리뷰 다수(13%)
febab0275244b9a49a623f0bd613ca2f,0.0,지연 불만 리뷰 다수(19%)
fe2032dab1a61af8794248c8196565c9,0.0,지연 불만 리뷰 다수(23%)
fde0cc9ea29c8ccfc0a2c22256a58c71,0.0,복합 지표 위험
f3da5b2ff499efb8d4a6d371d175d7dd,0.0,지연 불만 리뷰 다수(21%)
f262cbc1c910c83959f849465454ddd3,0.0,지연 불만 리뷰 다수(16%)
03a2a6dcbe45d639c4dc2a0d24769c40,0.0,지연 불만 리뷰 다수(17%)
e59aa562b9f8076dd550fcddf0e73491,0.0,지연 불만 리뷰 다수(5%)
e9511df20ccd82658a30c37b7fb343af,0.0,지연 불만 리뷰 다수(15%)
e8b4225284fbb02d16f200513f1f395d,0.0,지연 불만 리뷰 다수(19%)
e8b3a3a38279a82f0e5d006d5e5b7d2c,0.0,처리지연율 높음(91%) | 지연 불만 리뷰 다수(27%)
e882b2a25a10b9c057cc49695f222c19,0.0,지연 불만 리뷰 다수(10%)
e5e33c0d8e7e002f398f5dc4cbbb338f,0.0,지연 불만 리뷰 다수(6%)
e5a38146df062edaf55c38afa99e42dc,0.0,지연 불만 리뷰 다수(20%)
e5a3438891c0bfdb9394643f95273d8e,0.0,지연 불만 리뷰 다수(9%)
e49c26c3edfa46d227d5121a6b6e4d37,0.0,지연 불만 리뷰 다수(33%)
ea00f977a203ff88adf7057cb7806998,0.0,지연 불만 리뷰 다수(29%)
e333046ce6517bd8bb510291d44f0130,0.0,지연 불만 리뷰 다수(18%)
e2aee0892199b1d92530e371abd825bf,0.0,지연 불만 리뷰 다수(12%)
e26901d5ab434ce92fd9b5c256820a4e,0.0,지연 불만 리뷰 다수(14%)
e24fc9fcd865784fb25705606fe3dfe7,0.0,지연 불만 리뷰 다수(16%)
e24d3429d294b2eb200b064ebb035879,0.0,지연 불만 리뷰 다수(21%)
e0a366315b1b726b6c7832d664c0f530,0.0,지연 불만 리뷰 다수(7%)
e067ad2c1c0b48758eb1b5228bcf7a68,0.0,처리지연율 높음(85%) | 지연 불만 리뷰 다수(17%)
e9779976487b77c6d4ac45f75ec7afe9,0.0,지연 불만 리뷰 다수(17%)
ea566164622c6b439516ab18062c42cd,0.0,지연 불만 리뷰 다수(20%)
f214d28e8d8e3ef068748498ccc2f813,0.0,지연 불만 리뷰 다수(11%)
ef2fbc2b607d8492bcffe657a4645434,0.0,지연 불만 리뷰 다수(6%)
f181738b150df1f37cb0bd72e705b193,0.0,지연 불만 리뷰 다수(18%)
f12ff17ad8bbf01ec5c33b17e506649b,0.0,지연 불만 리뷰 다수(6%)
f0b47fbbc6dee9aafe415a6e33051b3f,0.0,지연 불만 리뷰 다수(17%)
f00e21b1e91a79653163b7fd8f293ff1,0.0,지연 불만 리뷰 다수(18%)
efcd8d2104f1a05d028af7bad20d974b,0.0,지연 불만 리뷰 다수(10%)
ef990a83bbea832f36ebe81376335aa8,0.0,지연 불만 리뷰 다수(13%)
ef506c96320abeedfb894c34db06f478,0.0,지연 불만 리뷰 다수(13%)
ef0ace09169ac090589d85746e3e036f,0.0,처리지연율 높음(57%) | 지연 불만 리뷰 다수(13%)
ea67327e24487bdfac5fbfa37ea124df,0.0,부정리뷰율 높음(36%) | 지연 불만 리뷰 다수(16%)
eeb6de78f79159600292e314a77cbd18,0.0,지연 불만 리뷰 다수(20%)
ede0c03645598cdfc63ca8237acbe73d,0.0,지연 불만 리뷰 다수(18%)
edb1ef5e36e0c8cd84eb3c9b003e486d,0.0,지연 불만 리뷰 다수(11%)
ececbfcff9804a2d6b40f589df8eef2b,0.0,지연 불만 리뷰 다수(9%)
ec8879960bd2221d5c32f8e12f7da711,0.0,지연 불만 리뷰 다수(29%)
ebd2d60905fb58271facef5596b620d3,0.0,지연 불만 리뷰 다수(19%)
ea8482cd71df3c1969d7b9473ff13abc,0.0,지연 불만 리뷰 다수(21%)
039b29ff3b3473435d0cd59040575de9,0.0,복합 지표 위험
0417b067eeab773d2f7061a726dc477f,0.0,지연 불만 리뷰 다수(12%)
dee656f0f566ed1aa85bd137c943f08f,0.0,지연 불만 리뷰 다수(10%)
1b45169b635ef59425637e9a33eb5fb3,0.0,복합 지표 위험
1e8c6a4c538f286aee9573239740a4b4,0.0,부정리뷰율 높음(40%)
1e483cc5c76fef08d3ca05f9a8af7d01,0.0,복합 지표 위험
1d503743d2526f03f0c2c89540ee008c,0.0,지연 불만 리뷰 다수(36%)
1cbd50a8c52e6cf8e315c5709fab386f,0.0,부정리뷰율 높음(33%) | 지연 불만 리뷰 다수(17%)
1c5e4e49b9079480255b49d50aac1aa9,0.0,처리지연율 높음(78%) | 지연 불만 리뷰 다수(22%)
1c40343cc5d18c2d8248ac2f3366de34,0.0,지연 불만 리뷰 다수(29%)
1b938a7ec6ac5061a66a3766e0e75f90,0.0,지연 불만 리뷰 다수(40%)
1a932caad4f9d804097d7f8e615baed1,0.0,부정리뷰율 높음(45%) | 지연 불만 리뷰 다수(15%)
1f867308a0ce13133a4e639ff4de0c02,0.0,지연 불만 리뷰 다수(12%)
1996942dc085d7773ba77a529b163cd0,0.0,처리지연율 높음(57%)
186cdd1b2df32caa72cfb410bba768d3,0.0,처리지연율 높음(67%)
179d859f51292aac5c10806a356f7af9,0.0,지연 불만 리뷰 다수(20%)
1782ce2db72c3dda627d5e7c898104e1,0.0,지연 불만 리뷰 다수(17%)
1690cada046eb7e92c12f98b1f8a8167,0.0,복합 지표 위험
1660ad786c27fd935378b6192a90b417,0.0,지연 불만 리뷰 다수(60%)
165b1235e9e9942cb5fae67103576fb0,0.0,복합 지표 위험
1f1bb1f0859883505541bdd6606193e5,0.0,처리지연율 높음(81%) | 지연 불만 리뷰 다수(12%)
1fdc574883ef3b33ad41562d93f3a74a,0.0,복합 지표 위험
15aac934c58d886785ac1b17953ea898,0.0,지연 불만 리뷰 다수(10%)
23ca5f678e0b3ea6c630b30fa8bf51ea,0.0,처리지연율 높음(60%) | 지연 불만 리뷰 다수(40%)
26af45f5dfd967225a832838aa4e24a3,0.0,지연 불만 리뷰 다수(18%)
26785a546900236d66f2e4197c211158,0.0,지연 불만 리뷰 다수(38%)
2646baaf662d4d92ac48f047e35db92d,0.0,지연 불만 리뷰 다수(9%)
25e47381a6c510ddeb36084e33b89f0c,0.0,처리지연율 높음(57%) | 지연 불만 리뷰 다수(14%)
257e61d3251fb5efb9daadddbc2cf7ca,0.0,지연 불만 리뷰 다수(50%)
253f95b3a0e6983ae18aed49fbc2b845,0.0,복합 지표 위험
244c2f1bff6afe1f2eaf9bfe9b2aed38,0.0,지연 불만 리뷰 다수(11%)
23a0ffca143a15b9b5bbdb7d552f626a,0.0,지연 불만 리뷰 다수(12%)
2009a095de2a2a41626f6c6d7722678d,0.0,지연 불만 리뷰 다수(12%)
238fac594e170b59c6d228f5a4f4f1d9,0.0,부정리뷰율 높음(36%) | 지연 불만 리뷰 다수(14%)
2379bdc3888025689a9deb7b141507d5,0.0,처리지연율 높음(80%) | 지연 불만 리뷰 다수(20%)
226b05fe067266c59c15dae208213d06,0.0,지연 불만 리뷰 다수(33%)
21e83881401b92b49fb09a16d3852291,0.0,처리지연율 높음(75%) | 지연 불만 리뷰 다수(12%)
2156f2671501a81034d7d07f217609d0,0.0,처리지연율 높음(50%) | 지연 불만 리뷰 다수(25%)
20a8b0dc55da94fe74d112082427c84f,0.0,처리지연율 높음(50%) | 지연 불만 리뷰 다수(17%)
2059c39f76271d4ca3f15b5ffaccc8b8,0.0,지연 불만 리뷰 다수(30%)
15fa791d5e017f66402dc28c44480657,0.0,지연 불만 리뷰 다수(17%)
1464afc72f696af775557a821c2e253f,0.0,지연 불만 리뷰 다수(27%)
04aba03279157f6d4e0fe8ccaf21963c,0.0,처리지연율 높음(50%) | 지연 불만 리뷰 다수(33%)
07de60b03d150fb3ea09eab5da5e4c8b,0.0,복합 지표 위험
093805f8f2aeb63881444571e1f48f30,0.0,지연 불만 리뷰 다수(33%)
08d2d642cf72b622b14dde1d2f5eb2f5,0.0,지연 불만 리뷰 다수(20%)
08ad4ac1388e4420ca531c3edfc46198,0.0,부정리뷰율 높음(60%) | 지연 불만 리뷰 다수(20%)
0887a9f087bcd5d9f6642b52f897fc6c,0.0,지연 불만 리뷰 다수(25%)
0885aaf116795758dfeb5f1032487bcd,0.0,복합 지표 위험
085f6f7e049c996695fb2074fe38d45e,0.0,처리지연율 높음(50%) | 지연 불만 리뷰 다수(33%)
08084d990eb3f53af056ccbc1730c8a7,0.0,지연 불만 리뷰 다수(22%)
07bf9669d84d1f11be443a9dd938f698,0.0,부정리뷰율 높음(35%) | 지연 불만 리뷰 다수(29%)
0951a6e282947e09cd47969f4ed0b47f,0.0,복합 지표 위험
079d295dcbf06ee8bb1b65ba964eb2b6,0.0,복합 지표 위험
0791d9fc1e30678ecf03d3e55fa108d3,0.0,부정리뷰율 높음(55%)
07017df32dc5f2f1d2801e579548d620,0.0,복합 지표 위험
06bb3a2fe5e7b7a845b13e8fb91bd944,0.0,지연 불만 리뷰 다수(12%)
05a940b4ecae36cadfd8e93bd9c43257,0.0,복합 지표 위험
058cb5aeb36d7c0fcae20fc85d5e0a59,0.0,부정리뷰율 높음(33%)
04e38a233f726ef161074ab1c9b0399a,0.0,처리지연율 높음(88%)
094ced053e257ae8cae57205592d6712,0.0,부정리뷰율 높음(36%) | 지연 불만 리뷰 다수(29%)
099095b050cfe8eb1ddff5317587e96e,0.0,부정리뷰율 높음(58%) | 지연 불만 리뷰 다수(17%)
1430239a858e7682bbc43b20758af153,0.0,부정리뷰율 높음(31%) | 지연 불만 리뷰 다수(15%)
10076e5788b8ee532724bcd460baf762,0.0,지연 불만 리뷰 다수(11%)
141440cad9341e553f8401c574a2aa38,0.0,지연 불만 리뷰 다수(18%)
13d058e4eeac2ce8217660b2f8a05812,0.0,지연 불만 리뷰 다수(9%)
13c2ed7698b3ca92dad49e849219da59,0.0,복합 지표 위험
134a288e7de827ec5ec62e3ec9c3a295,0.0,지연 불만 리뷰 다수(14%)
13074f016982ff2bd6c58ced8682f000,0.0,복합 지표 위험
128f9bfbe4c7d5185033914b1de3d39a,0.0,지연 불만 리뷰 다수(14%)
10ff823eda2b032e2c93d17a7d294736,0.0,지연 불만 리뷰 다수(20%)
0ff83046c3fa22efee8ecf291888b191,0.0,처리지연율 높음(88%) | 지연 불만 리뷰 다수(25%)
004c9cd9d87a3c30c522c48c4fc07416,0.0,지연 불만 리뷰 다수(14%)
0eaa7e33d73809f1f925f7d07c506cbd,0.0,지연 불만 리뷰 다수(10%)
0bebbb2cea103a4a020c95d43fd7d754,0.0,복합 지표 위험
0bb738e4d789e63e2267697c42d35a2d,0.0,지연 불만 리뷰 다수(27%)
0b18d63d0cd1d723567903fd34a07df2,0.0,지연 불만 리뷰 다수(27%)
0afccdb8a34ee5c79f7c06faf2b4d56e,0.0,지연 불만 리뷰 다수(33%)
0ac4201fda2c68ebc0e47cb9423cf3c9,0.0,지연 불만 리뷰 다수(29%)
0a85ebe4e328db81ac9109781205e2f7,0.0,복합 지표 위험
dfa0c4c6229ab200a4a1336b4d7128ff,0.0,지연 불만 리뷰 다수(12%)
de722cd6dad950a92b7d4f82673f8833,0.0,지연 불만 리뷰 다수(17%)
8b9d6eec4a7eb7d0f9d579ce0b38324d,0.0,지연 불만 리뷰 다수(19%)
a6fe7de3d16f6149ffe280349a8535a0,0.0,지연 불만 리뷰 다수(19%)
ac3508719a1d8f5b7614b798f70af136,0.0,지연 불만 리뷰 다수(19%)
abe42c5d03695b4257b5c6cbf4e6784e,0.0,지연 불만 리뷰 다수(15%)
abcd2cb37d46c2c8fb1bf071c859fc5b,0.0,지연 불만 리뷰 다수(27%)
aba1721a889e04decc910aa13b768ef4,0.0,지연 불만 리뷰 다수(9%)
aafe36600ce604f205b86b5084d3d767,0.0,지연 불만 리뷰 다수(16%)
aaed1309374718fdd995ee4c58c9dfcd,0.0,지연 불만 리뷰 다수(15%)
aae3bfea055532c57fb453ed3ec80b30,0.0,부정리뷰율 높음(38%) | 지연 불만 리뷰 다수(19%)
a5cba26a62b8b4d0145b68b841e62e7f,0.0,처리지연율 높음(65%) | 지연 불만 리뷰 다수(23%)
aced59e9b31ef866a94f9e7f29d8d418,0.0,지연 불만 리뷰 다수(9%)
a5a1bfcf728ab0e19182959cf0771ee4,0.0,지연 불만 리뷰 다수(16%)
a420f60ff1aa9acc80d0e42959f2b313,0.0,지연 불만 리뷰 다수(28%)
a416b6a846a11724393025641d4edd5e,0.0,처리지연율 높음(51%) | 지연 불만 리뷰 다수(14%)
a3a38f4affed601eb87a97788c949667,0.0,지연 불만 리뷰 다수(11%)
a17f621c590ea0fab3d5d883e1630ec6,0.0,지연 불만 리뷰 다수(18%)
a1043bafd471dff536d0c462352beb48,0.0,지연 불만 리뷰 다수(20%)
9f505651f4a6abe901a56cdc21508025,0.0,지연 불만 리뷰 다수(16%)
acce39e832338debb07b02385cde5967,0.0,지연 불만 리뷰 다수(18%)
ad420dd0c4f92f8af951ac24b86d0cf5,0.0,부정리뷰율 높음(30%) | 지연 불만 리뷰 다수(20%)
9d5a9018aee56acb367ba9c3f05d1d6a,0.0,처리지연율 높음(74%) | 지연 불만 리뷰 다수(23%)
b410bdd36d5db7a65dcd42b7ead933b8,0.0,지연 불만 리뷰 다수(26%)
b74d1c09cb380e1d03a6f859c6f4224b,0.0,지연 불만 리뷰 다수(9%)
b6d44737c043328708f6749c2dbe50bd,0.0,지연 불만 리뷰 다수(12%)
b56906f7fd1696e043f1bcce164c487b,0.0,지연 불만 리뷰 다수(26%)
b561927807645834b59ef0d16ba55a24,0.0,지연 불만 리뷰 다수(16%)
b4ffb71f0cb1b1c3d63fad021ecf93e1,0.0,지연 불만 리뷰 다수(9%)
b4a476fbd28de64b1e347abf9089366a,0.0,처리지연율 높음(54%) | 부정리뷰율 높음(31%) | 지연 불만 리뷰 다수(27%)
b499c00f28f4b7069ff6550af8c1348a,0.0,지연 불만 리뷰 다수(15%)
b39d7fe263ef469605dbb32608aee0af,0.0,부정리뷰율 높음(32%) | 지연 불만 리뷰 다수(39%)
adbc26658d6c7b4b6219f9d934598091,0.0,지연 불만 리뷰 다수(14%)
b372ee768ed69e46ca8cdbd267aa7a38,0.0,지연 불만 리뷰 다수(13%)
b33e7c55446eabf8fe1a42d037ac7d6d,0.0,지연 불만 리뷰 다수(15%)
b2479f944e1b90cf8a5de1bbfde284d6,0.0,부정리뷰율 높음(35%) | 지연 불만 리뷰 다수(15%)
b1ac6ea7895bc3dd6f0f6f4abbdd2821,0.0,처리지연율 높음(50%) | 지연 불만 리뷰 다수(12%)
b1a81260566c1bac3114a6d124413f27,0.0,지연 불만 리뷰 다수(15%)
b18dc380845b24038cfc48006478f099,0.0,지연 불만 리뷰 다수(14%)
af3ef48d0e13835e529c29ac573c63e5,0.0,부정리뷰율 높음(38%) | 지연 불만 리뷰 다수(25%)
9de4643a8dbde634fe55621059d92273,0.0,처리지연율 높음(55%) | 지연 불만 리뷰 다수(16%)
9d4db00d65d7760644ac0c14edb5fd86,0.0,지연 불만 리뷰 다수(19%)
b839e41795b7f3ad94cc2014a52f6796,0.0,지연 불만 리뷰 다수(19%)
8f119a0aee85c0c8fc534629734e94fd,0.0,처리지연율 높음(62%) | 지연 불만 리뷰 다수(13%)
94144541854e298c2d976cb893b81343,0.0,처리지연율 높음(57%) | 지연 불만 리뷰 다수(16%)
91f848e9f4be368f4318775aac733370,0.0,지연 불만 리뷰 다수(24%)
916748bc99315c2d202898ae58b1617e,0.0,처리지연율 높음(81%)
903037660cf848a717166eb7a06d616e,0.0,지연 불만 리뷰 다수(23%)
900ba814c251a692506d7834c1218441,0.0,처리지연율 높음(64%) | 지연 불만 리뷰 다수(27%)
8fdca8e349553f99bc738833a62c8802,0.0,지연 불만 리뷰 다수(8%)
8f2ce03f928b567e3d56181ae20ae952,0.0,처리지연율 높음(59%) | 지연 불만 리뷰 다수(19%)
8e8a7ce9f2f970dc00e2acf6f6e199f6,0.0,지연 불만 리뷰 다수(11%)
951e8cef368f09bb3f3d03c00ca4702c,0.0,지연 불만 리뷰 다수(26%)
8d956fec2e4337affcb520f56fd8cbfd,0.0,지연 불만 리뷰 다수(13%)
8d79c8a04e42d722a75097ce5cbcf2ef,0.0,지연 불만 리뷰 다수(25%)
8cc6a0e5738e61a87b03c78b2ba9db4b,0.0,지연 불만 리뷰 다수(24%)
8cbac7e12637ed9cffa18c7875207478,0.0,지연 불만 리뷰 다수(26%)
8c16d1f32a54d92897cc437244442e1b,0.0,지연 불만 리뷰 다수(10%)
8bd0f31cf0a614c658f6763bd02dea69,0.0,부정리뷰율 높음(32%) | 지연 불만 리뷰 다수(21%)
8bb48dc19fccaa8613b6229bf7f452a2,0.0,지연 불만 리뷰 다수(26%)
94e93ce877be27a515118dbfd2c2be41,0.0,지연 불만 리뷰 다수(19%)
955fee9216a65b617aa5c0531780ce60,0.0,지연 불만 리뷰 다수(17%)
9baf5cb77970f539089d09a38bcec5c3,0.0,처리지연율 높음(68%) | 지연 불만 리뷰 다수(14%)
974cf2cb8f4b7add98709c30df02fe10,0.0,지연 불만 리뷰 다수(12%)
9b013e03b2ab786505a1d3b5c0756754,0.0,지연 불만 리뷰 다수(20%)
9b00ed88b7fdb95d6ff76e27c1b52d16,0.0,지연 불만 리뷰 다수(33%)
9add47bf45ce8e8c7db6b9cf670b1e09,0.0,지연 불만 리뷰 다수(15%)
99eaacc9e6046db1c82b163c5f84869f,0.0,지연 불만 리뷰 다수(14%)
99a54764c341d5dc80b4a8fac4eba3fb,0.0,부정리뷰율 높음(33%) | 지연 불만 리뷰 다수(14%)
994f04b3718c2bab35c2adfa8afecd2a,0.0,처리지연율 높음(68%) | 지연 불만 리뷰 다수(11%)
98dac6635aee4995d501a3972e047414,0.0,지연 불만 리뷰 다수(21%)
9674754b5a0cb32b638cec001178f799,0.0,지연 불만 리뷰 다수(15%)
95e03ca3d4146e4011985981aeb959b9,0.0,지연 불만 리뷰 다수(21%)
966cb4760537b1404caedd472cc610a5,0.0,지연 불만 리뷰 다수(18%)
96493fab2fbb13a14d0c0e8772eef5c3,0.0,처리지연율 높음(71%) | 지연 불만 리뷰 다수(14%)
9646c3513289980f17226a2fc4720dbd,0.0,지연 불만 리뷰 다수(18%)
9616352088dcf83a7c06637f4ebf1c80,0.0,처리지연율 높음(59%) | 지연 불만 리뷰 다수(14%)
960945e1a9535cbc0cd6ddd35fbe7ae8,0.0,지연 불만 리뷰 다수(17%)
95f83f51203c626648c875dd41874c7f,0.0,지연 불만 리뷰 다수(10%)
95ec4458365c4d11f452ccf538377619,0.0,지연 불만 리뷰 다수(16%)
b76dba6c951ab00dc4edf0a1aa88037e,0.0,지연 불만 리뷰 다수(23%)
b8555308bfdb4ca1ed54325a58da9a97,0.0,지연 불만 리뷰 다수(6%)
de23c3b98a88888289c6f5cc1209054a,0.0,지연 불만 리뷰 다수(19%)
d1b65fc7debc3361ea86b5f14c68d2e2,0.0,지연 불만 리뷰 다수(33%)
d50d79cb34e38265a8649c383dcffd48,0.0,지연 불만 리뷰 다수(17%)
d4e12e7884759a14fa0f5f896c791cae,0.0,지연 불만 리뷰 다수(6%)
d3f39f05462b79a4562d35893a28f159,0.0,부정리뷰율 높음(36%) | 지연 불만 리뷰 다수(12%)
d379f449f2a3b271bc01c0782020f705,0.0,지연 불만 리뷰 다수(14%)
d23019c84ffae2d5ef2270367b8605fc,0.0,지연 불만 리뷰 다수(29%)
d1ef48b38baca7e831711c4a0aeb398f,0.0,지연 불만 리뷰 다수(19%)
d1c281d3ae149232351cd8c8cc885f0d,0.0,지연 불만 리뷰 다수(14%)
d13e50eaa47b4cbe9eb81465865d8cfc,0.0,지연 불만 리뷰 다수(10%)
d57e18d5f73c7ccb7f7339b61166898d,0.0,지연 불만 리뷰 다수(26%)
d12c926d74ceff0a90a21184466ce161,0.0,지연 불만 리뷰 다수(16%)
d05ae8f7a5bd1d2a690a44cd079e4e27,0.0,지연 불만 리뷰 다수(14%)
cfb1a033743668a192316f3c6d1d2671,0.0,지연 불만 리뷰 다수(18%)
ceaec5548eefc6e23e6607c5435102e7,0.0,처리지연율 높음(53%) | 지연 불만 리뷰 다수(17%)
cea729054f157f5870bdd321a958d994,0.0,지연 불만 리뷰 다수(12%)
ce7d1888639e6fb06b2749cbfdac1ff7,0.0,지연 불만 리뷰 다수(12%)
ce27a3cc3c8cc1ea79d11e561e9bebb6,0.0,지연 불만 리뷰 다수(13%)
d566c37fa119d5e66c4e9052e83ee4ea,0.0,지연 불만 리뷰 다수(18%)
d650b663c3b5f6fb392b6326366efa9a,0.0,지연 불만 리뷰 다수(20%)
cd6efc47efaabf134f8bdb654e10b4f1,0.0,지연 불만 리뷰 다수(41%)
d9bd94811c3338dceb4181f3dbc0c73e,0.0,지연 불만 리뷰 다수(23%)
dc4a0fc896dc34b0d5bfec8438291c80,0.0,처리지연율 높음(58%) | 지연 불만 리뷰 다수(16%)
dc317f341ab0e22f39acbd9dbf9b4a1f,0.0,지연 불만 리뷰 다수(6%)
dbd66278cbfe1aa1000f90a217ca4695,0.0,지연 불만 리뷰 다수(22%)
dbc22125167c298ef99da25668e1011f,0.0,지연 불만 리뷰 다수(14%)
dbb9b48c841a0e39e21f98e1a6b2ec3e,0.0,지연 불만 리뷰 다수(9%)
db4350fd57ae30082dec7acbaacc17f9,0.0,지연 불만 리뷰 다수(29%)
da8622b14eb17ae2831f4ac5b9dab84a,0.0,지연 불만 리뷰 다수(16%)
d9a84e1403de8da0c3aa531d6d108ba6,0.0,지연 불만 리뷰 다수(14%)
d66c305afaec317ebee552073a674429,0.0,지연 불만 리뷰 다수(8%)
d98eec89afa3380e14463da2aabaea72,0.0,지연 불만 리뷰 다수(9%)
d94a40fd42351c259927028d163af842,0.0,지연 불만 리뷰 다수(19%)
d9442042130b7fe579d1295f9f4a248f,0.0,처리지연율 높음(84%) | 지연 불만 리뷰 다수(16%)
d921b68bf747894be13a97ae52b0f386,0.0,지연 불만 리뷰 다수(24%)
d91fb3b7d041e83b64a00a3edfb37e4f,0.0,지연 불만 리뷰 다수(16%)
d6b1ce66b035a475f00c017792ff9769,0.0,지연 불만 리뷰 다수(12%)
d673a59aac7a70d8b01e6902bf090a11,0.0,복합 지표 위험
ce248b21cb2adc36282ede306b7660e5,0.0,복합 지표 위험
cd68562d3f44870c08922d380acae552,0.0,지연 불만 리뷰 다수(22%)
b8bc237ba3788b23da09c0f1f3a3288c,0.0,지연 불만 리뷰 다수(15%)
bf00385a5f7fc1ef39a13c2e9ee50a5f,0.0,지연 불만 리뷰 다수(17%)
c0563dd588b775f2e37747ef6ad6c92c,0.0,지연 불만 리뷰 다수(19%)
c013e57c075a06e5b5c48ee03c525719,0.0,복합 지표 위험
c003204e1ab016dfa150abc119207b24,0.0,지연 불만 리뷰 다수(22%)
bfd27a966d91cfaafdb25d076585f0da,0.0,지연 불만 리뷰 다수(12%)
bf84056e679dbe9c69929847a40e338f,0.0,처리지연율 높음(77%) | 지연 불만 리뷰 다수(17%)
bf3c6d2a28b2b5501e6c15448982dcc9,0.0,지연 불만 리뷰 다수(7%)
bf100ecb7997df312b285358fb32f92c,0.0,지연 불만 리뷰 다수(18%)
bd4889b5e9133b35b66e42a8665cea5c,0.0,지연 불만 리뷰 다수(21%)
c3867b4666c7d76867627c2f7fb22e21,0.0,지연 불만 리뷰 다수(16%)
bd23da7354813347129d751591d1a6e2,0.0,지연 불만 리뷰 다수(15%)
bd0389da23d89b726abf911cccc54596,0.0,지연 불만 리뷰 다수(13%)
bc47d5d1490df2b36add65d733eafaba,0.0,지연 불만 리뷰 다수(18%)
bacb1f0ed56ad24198f5810d2b3fe9a5,0.0,지연 불만 리뷰 다수(8%)
ba90964cff9b9e0e6f32b23b82465f7b,0.0,지연 불만 리뷰 다수(27%)
ba143b05f0110f0dc71ad71b4466ce92,0.0,지연 불만 리뷰 다수(21%)
b90e891671cffd9557f33a97dc523645,0.0,지연 불만 리뷰 다수(26%)
c33847515fa6305ce6feb1e818569f13,0.0,부정리뷰율 높음(33%) | 지연 불만 리뷰 다수(13%)
c3cfdc648177fdbbbb35635a37472c53,0.0,지연 불만 리뷰 다수(12%)
ccc4bbb5f32a6ab2b7066a4130f114e3,0.0,지연 불만 리뷰 다수(11%)
c9c7905cffc4ef9ff9f113554423e671,0.0,지연 불만 리뷰 다수(23%)
cca3071e3e9bb7d12640c9fbe2301306,0.0,부정리뷰율 높음(30%) | 지연 불만 리뷰 다수(17%)
cc63f0dd2acba93ffed4fe9f8e0321fa,0.0,지연 불만 리뷰 다수(15%)
cc5a78bbad32776dc4e3af205218368c,0.0,지연 불만 리뷰 다수(10%)
cc419e0650a3c5ba77189a1882b7556a,0.0,지연 불만 리뷰 다수(17%)
cbd996ad3c1b7dc71fd0e5f5df9087e2,0.0,지연 불만 리뷰 다수(17%)
cb8bcce248bb1fb274ba762d8b971456,0.0,지연 불만 리뷰 다수(15%)
cab85505710c7cb9b720bceb52b01cee,0.0,처리지연율 높음(51%) | 지연 불만 리뷰 다수(12%)
c8b0e2b0a7095e5d8219575d5e7e1181,0.0,지연 불만 리뷰 다수(28%)
c66dccfb3f109511246da627dd5a2498,0.0,지연 불만 리뷰 다수(39%)
c864036feaab8c1659f65ea4faebe1da,0.0,지연 불만 리뷰 다수(43%)
c847e075301870dd144a116762eaff9a,0.0,지연 불만 리뷰 다수(13%)
c8417879a15366a17c30af34c798c332,0.0,부정리뷰율 높음(30%) | 지연 불만 리뷰 다수(17%)
c826c40d7b19f62a09e2d7c5e7295ee2,0.0,지연 불만 리뷰 다수(17%)
c72de06d72748d1a0dfb2125be43ba63,0.0,지연 불만 리뷰 다수(19%)
c6bda72e4dbf5c5866b13cb1810c6d03,0.0,지연 불만 리뷰 다수(12%)
c68fb906c8f4b4b946d8386bfa6e5467,0.0,지연 불만 리뷰 다수(12%)
ffff564a4f9085cd26170f4732393726,0.0,처리지연율 높음(67%) | 부정리뷰율 높음(50%) | 지연 불만 리뷰 다수(17%)
